EARTAG,LACTATION,CALVING,DIM,WEEK_OF_YEAR,DATE,BCS 1-5
IRE_MP_1078 ,2,23/02/2016,35,13,29/03/2016,2.74
IRE_MP_1078 ,2,23/02/2016,42,14,05/04/2016,2.65
IRE_MP_1078 ,2,23/02/2016,49,15,12/04/2016,2.90
IRE_MP_1078 ,2,23/02/2016,56,16,19/04/2016,3.02
IRE_MP_1078 ,2,23/02/2016,63,17,26/04/2016,3.13
IRE_MP_1078 ,2,23/02/2016,70,18,03/05/2016,2.91
IRE_MP_1078 ,2,23/02/2016,77,19,10/05/2016,2.85
IRE_MP_1078 ,2,23/02/2016,84,20,17/05/2016,2.83
IRE_MP_1078 ,2,23/02/2016,91,21,24/05/2016,2.86
IRE_MP_1078 ,2,23/02/2016,98,22,31/05/2016,2.89
IRE_MP_1078 ,2,23/02/2016,105,23,07/06/2016,2.93
IRE_MP_1078 ,2,23/02/2016,147,29,19/07/2016,2.73
IRE_MP_1078 ,2,23/02/2016,175,33,16/08/2016,2.87
IRE_MP_1078 ,2,23/02/2016,182,34,23/08/2016,2.92
IRE_MP_1078 ,2,23/02/2016,189,35,30/08/2016,3.00
IRE_MP_1078 ,2,23/02/2016,196,36,06/09/2016,2.96
IRE_MP_1078 ,2,23/02/2016,217,39,27/09/2016,3.07
IRE_MP_1078 ,2,23/02/2016,224,40,04/10/2016,2.93
IRE_MP_1078 ,2,23/02/2016,231,41,11/10/2016,2.97
IRE_MP_1078 ,2,23/02/2016,238,42,18/10/2016,2.97
IRE_MP_1078 ,2,23/02/2016,245,43,25/10/2016,3.07
IRE_MP_1078 ,2,23/02/2016,252,44,01/11/2016,2.91
IRE_MP_1092 ,2,07/03/2016,22,13,29/03/2016,3.49
IRE_MP_1092 ,2,07/03/2016,36,15,12/04/2016,3.48
IRE_MP_1092 ,2,07/03/2016,43,16,19/04/2016,3.26
IRE_MP_1092 ,2,07/03/2016,64,19,10/05/2016,3.58
IRE_MP_1092 ,2,07/03/2016,85,22,31/05/2016,3.62
IRE_MP_1092 ,2,07/03/2016,92,23,07/06/2016,3.60
IRE_MP_1092 ,2,07/03/2016,134,29,19/07/2016,3.58
IRE_MP_1092 ,2,07/03/2016,169,34,23/08/2016,3.73
IRE_MP_1092 ,2,07/03/2016,176,35,30/08/2016,3.55
IRE_MP_1092 ,2,07/03/2016,183,36,06/09/2016,3.42
IRE_MP_1092 ,2,07/03/2016,204,39,27/09/2016,3.45
IRE_MP_1092 ,2,07/03/2016,211,40,04/10/2016,3.53
IRE_MP_1092 ,2,07/03/2016,225,42,18/10/2016,3.54
IRE_MP_1092 ,2,07/03/2016,232,43,25/10/2016,3.58
IRE_MP_1092 ,2,07/03/2016,239,44,01/11/2016,3.67
IRE_MP_1092 ,2,07/03/2016,246,45,08/11/2016,3.63
IRE_MP_1092 ,2,07/03/2016,260,47,22/11/2016,3.54
IRE_MP_1092 ,2,07/03/2016,267,48,29/11/2016,3.59
IRE_MP_1094 ,2,29/01/2016,60,13,29/03/2016,3.26
IRE_MP_1094 ,2,29/01/2016,67,14,05/04/2016,3.10
IRE_MP_1094 ,2,29/01/2016,74,15,12/04/2016,3.26
IRE_MP_1094 ,2,29/01/2016,81,16,19/04/2016,3.26
IRE_MP_1094 ,2,29/01/2016,95,18,03/05/2016,3.32
IRE_MP_1094 ,2,29/01/2016,102,19,10/05/2016,3.35
IRE_MP_1094 ,2,29/01/2016,109,20,17/05/2016,3.36
IRE_MP_1094 ,2,29/01/2016,123,22,31/05/2016,3.54
IRE_MP_1094 ,2,29/01/2016,130,23,07/06/2016,3.41
IRE_MP_1094 ,2,29/01/2016,137,24,14/06/2016,3.31
IRE_MP_1094 ,2,29/01/2016,172,29,19/07/2016,3.41
IRE_MP_1094 ,2,29/01/2016,200,33,16/08/2016,3.48
IRE_MP_1094 ,2,29/01/2016,207,34,23/08/2016,3.44
IRE_MP_1094 ,2,29/01/2016,214,35,30/08/2016,3.42
IRE_MP_1094 ,2,29/01/2016,221,36,06/09/2016,3.41
IRE_MP_1094 ,2,29/01/2016,242,39,27/09/2016,3.34
IRE_MP_1094 ,2,29/01/2016,249,40,04/10/2016,3.33
IRE_MP_1094 ,2,29/01/2016,256,41,11/10/2016,3.46
IRE_MP_1094 ,2,29/01/2016,263,42,18/10/2016,3.43
IRE_MP_1094 ,2,29/01/2016,270,43,25/10/2016,3.53
IRE_MP_1094 ,2,29/01/2016,277,44,01/11/2016,3.42
IRE_MP_1094 ,2,29/01/2016,284,45,08/11/2016,3.54
IRE_MP_1094 ,2,29/01/2016,291,46,15/11/2016,3.57
IRE_MP_1094 ,2,29/01/2016,298,47,22/11/2016,3.60
IRE_MP_1094 ,2,29/01/2016,305,48,29/11/2016,3.51
IRE_MP_1140 ,2,23/02/2016,28,12,22/03/2016,3.10
IRE_MP_1140 ,2,23/02/2016,35,13,29/03/2016,2.94
IRE_MP_1140 ,2,23/02/2016,42,14,05/04/2016,3.06
IRE_MP_1140 ,2,23/02/2016,49,15,12/04/2016,3.15
IRE_MP_1140 ,2,23/02/2016,105,23,07/06/2016,3.21
IRE_MP_1140 ,2,23/02/2016,147,29,19/07/2016,3.33
IRE_MP_1140 ,2,23/02/2016,182,34,23/08/2016,3.22
IRE_MP_1140 ,2,23/02/2016,189,35,30/08/2016,3.24
IRE_MP_1140 ,2,23/02/2016,196,36,06/09/2016,3.35
IRE_MP_1140 ,2,23/02/2016,224,40,04/10/2016,3.19
IRE_MP_1140 ,2,23/02/2016,231,41,11/10/2016,3.22
IRE_MP_1140 ,2,23/02/2016,238,42,18/10/2016,3.18
IRE_MP_1140 ,2,23/02/2016,245,43,25/10/2016,3.19
IRE_MP_1140 ,2,23/02/2016,252,44,01/11/2016,3.23
IRE_MP_1140 ,2,23/02/2016,259,45,08/11/2016,3.22
IRE_MP_1140 ,2,23/02/2016,266,46,15/11/2016,3.35
IRE_MP_1140 ,2,23/02/2016,273,47,22/11/2016,3.27
IRE_MP_1140 ,2,23/02/2016,280,48,29/11/2016,3.34
IRE_MP_1140 ,2,23/02/2016,287,49,06/12/2016,3.22
IRE_MP_1140 ,2,23/02/2016,294,50,13/12/2016,3.21
IRE_MP_122 ,2,04/02/2016,54,13,29/03/2016,3.15
IRE_MP_122 ,2,04/02/2016,61,14,05/04/2016,3.06
IRE_MP_122 ,2,04/02/2016,68,15,12/04/2016,3.11
IRE_MP_1255 ,1,06/02/2016,45,12,22/03/2016,3.38
IRE_MP_1255 ,1,06/02/2016,52,13,29/03/2016,3.18
IRE_MP_1255 ,1,06/02/2016,66,15,12/04/2016,3.25
IRE_MP_1255 ,1,06/02/2016,73,16,19/04/2016,3.11
IRE_MP_1255 ,1,06/02/2016,87,18,03/05/2016,3.38
IRE_MP_1255 ,1,06/02/2016,94,19,10/05/2016,3.33
IRE_MP_1255 ,1,06/02/2016,101,20,17/05/2016,3.40
IRE_MP_1255 ,1,06/02/2016,115,22,31/05/2016,3.34
IRE_MP_1255 ,1,06/02/2016,122,23,07/06/2016,3.30
IRE_MP_1255 ,1,06/02/2016,129,24,14/06/2016,3.05
IRE_MP_1255 ,1,06/02/2016,164,29,19/07/2016,3.31
IRE_MP_1255 ,1,06/02/2016,192,33,16/08/2016,3.26
IRE_MP_1255 ,1,06/02/2016,199,34,23/08/2016,3.07
IRE_MP_1255 ,1,06/02/2016,206,35,30/08/2016,3.14
IRE_MP_1255 ,1,06/02/2016,213,36,06/09/2016,3.15
IRE_MP_1255 ,1,06/02/2016,234,39,27/09/2016,3.06
IRE_MP_1255 ,1,06/02/2016,241,40,04/10/2016,3.04
IRE_MP_1255 ,1,06/02/2016,248,41,11/10/2016,3.05
IRE_MP_1255 ,1,06/02/2016,255,42,18/10/2016,3.02
IRE_MP_1255 ,1,06/02/2016,262,43,25/10/2016,3.01
IRE_MP_1255 ,1,06/02/2016,269,44,01/11/2016,3.00
IRE_MP_1255 ,1,06/02/2016,276,45,08/11/2016,3.06
IRE_MP_1255 ,1,06/02/2016,290,47,22/11/2016,3.13
IRE_MP_1266 ,1,26/01/2016,63,13,29/03/2016,3.58
IRE_MP_1266 ,1,26/01/2016,70,14,05/04/2016,3.53
IRE_MP_1266 ,1,26/01/2016,77,15,12/04/2016,3.56
IRE_MP_1266 ,1,26/01/2016,84,16,19/04/2016,3.55
IRE_MP_1266 ,1,26/01/2016,105,19,10/05/2016,3.50
IRE_MP_1266 ,1,26/01/2016,126,22,31/05/2016,3.54
IRE_MP_1266 ,1,26/01/2016,133,23,07/06/2016,3.50
IRE_MP_131 ,2,20/02/2016,24,11,15/03/2016,3.38
IRE_MP_131 ,2,20/02/2016,31,12,22/03/2016,3.41
IRE_MP_131 ,2,20/02/2016,38,13,29/03/2016,3.32
IRE_MP_131 ,2,20/02/2016,45,14,05/04/2016,3.47
IRE_MP_131 ,2,20/02/2016,52,15,12/04/2016,3.39
IRE_MP_131 ,2,20/02/2016,59,16,19/04/2016,3.53
IRE_MP_131 ,2,20/02/2016,66,17,26/04/2016,3.55
IRE_MP_131 ,2,20/02/2016,73,18,03/05/2016,3.53
IRE_MP_131 ,2,20/02/2016,80,19,10/05/2016,3.42
IRE_MP_131 ,2,20/02/2016,87,20,17/05/2016,3.30
IRE_MP_131 ,2,20/02/2016,94,21,24/05/2016,3.34
IRE_MP_131 ,2,20/02/2016,101,22,31/05/2016,3.39
IRE_MP_131 ,2,20/02/2016,108,23,07/06/2016,3.30
IRE_MP_131 ,2,20/02/2016,150,29,19/07/2016,3.46
IRE_MP_131 ,2,20/02/2016,178,33,16/08/2016,3.18
IRE_MP_131 ,2,20/02/2016,185,34,23/08/2016,3.22
IRE_MP_131 ,2,20/02/2016,192,35,30/08/2016,3.16
IRE_MP_131 ,2,20/02/2016,199,36,06/09/2016,3.13
IRE_MP_131 ,2,20/02/2016,220,39,27/09/2016,3.34
IRE_MP_131 ,2,20/02/2016,227,40,04/10/2016,3.23
IRE_MP_131 ,2,20/02/2016,234,41,11/10/2016,3.26
IRE_MP_131 ,2,20/02/2016,241,42,18/10/2016,3.22
IRE_MP_1390 ,4,05/02/2016,53,13,29/03/2016,3.50
IRE_MP_1390 ,4,05/02/2016,60,14,05/04/2016,3.46
IRE_MP_1390 ,4,05/02/2016,67,15,12/04/2016,3.47
IRE_MP_1390 ,4,05/02/2016,74,16,19/04/2016,3.43
IRE_MP_1390 ,4,05/02/2016,81,17,26/04/2016,3.60
IRE_MP_1390 ,4,05/02/2016,88,18,03/05/2016,3.38
IRE_MP_1390 ,4,05/02/2016,95,19,10/05/2016,3.54
IRE_MP_1390 ,4,05/02/2016,102,20,17/05/2016,3.54
IRE_MP_1390 ,4,05/02/2016,109,21,24/05/2016,3.63
IRE_MP_1390 ,4,05/02/2016,116,22,31/05/2016,3.57
IRE_MP_1390 ,4,05/02/2016,123,23,07/06/2016,3.59
IRE_MP_1390 ,4,05/02/2016,193,33,16/08/2016,3.49
IRE_MP_1390 ,4,05/02/2016,200,34,23/08/2016,3.66
IRE_MP_1390 ,4,05/02/2016,207,35,30/08/2016,3.62
IRE_MP_1390 ,4,05/02/2016,214,36,06/09/2016,3.55
IRE_MP_1390 ,4,05/02/2016,235,39,27/09/2016,3.61
IRE_MP_1390 ,4,05/02/2016,242,40,04/10/2016,3.59
IRE_MP_1390 ,4,05/02/2016,249,41,11/10/2016,3.59
IRE_MP_1390 ,4,05/02/2016,256,42,18/10/2016,3.67
IRE_MP_1390 ,4,05/02/2016,263,43,25/10/2016,3.57
IRE_MP_1390 ,4,05/02/2016,270,44,01/11/2016,3.62
IRE_MP_1390 ,4,05/02/2016,277,45,08/11/2016,3.72
IRE_MP_1390 ,4,05/02/2016,284,46,15/11/2016,3.73
IRE_MP_1390 ,4,05/02/2016,291,47,22/11/2016,3.74
IRE_MP_1390 ,4,05/02/2016,298,48,29/11/2016,3.79
IRE_MP_1390 ,4,05/02/2016,305,49,06/12/2016,3.70
IRE_MP_1390 ,4,05/02/2016,312,50,13/12/2016,3.65
IRE_MP_1407 ,1,08/02/2016,43,12,22/03/2016,3.39
IRE_MP_1407 ,1,08/02/2016,50,13,29/03/2016,3.36
IRE_MP_1407 ,1,08/02/2016,92,19,10/05/2016,3.26
IRE_MP_1407 ,1,08/02/2016,99,20,17/05/2016,3.54
IRE_MP_1407 ,1,08/02/2016,106,21,24/05/2016,3.45
IRE_MP_1407 ,1,08/02/2016,113,22,31/05/2016,3.52
IRE_MP_1407 ,1,08/02/2016,190,33,16/08/2016,3.57
IRE_MP_1407 ,1,08/02/2016,197,34,23/08/2016,3.49
IRE_MP_1407 ,1,08/02/2016,204,35,30/08/2016,3.44
IRE_MP_1407 ,1,08/02/2016,211,36,06/09/2016,3.47
IRE_MP_1407 ,1,08/02/2016,232,39,27/09/2016,3.28
IRE_MP_1407 ,1,08/02/2016,239,40,04/10/2016,3.31
IRE_MP_1407 ,1,08/02/2016,246,41,11/10/2016,3.29
IRE_MP_1407 ,1,08/02/2016,253,42,18/10/2016,3.34
IRE_MP_1407 ,1,08/02/2016,260,43,25/10/2016,3.31
IRE_MP_1407 ,1,08/02/2016,267,44,01/11/2016,3.46
IRE_MP_1407 ,1,08/02/2016,274,45,08/11/2016,3.53
IRE_MP_170 ,2,16/02/2016,28,11,15/03/2016,3.56
IRE_MP_170 ,2,16/02/2016,35,12,22/03/2016,3.46
IRE_MP_170 ,2,16/02/2016,42,13,29/03/2016,3.35
IRE_MP_170 ,2,16/02/2016,49,14,05/04/2016,3.36
IRE_MP_1764 ,4,31/01/2016,58,13,29/03/2016,3.79
IRE_MP_1764 ,4,31/01/2016,65,14,05/04/2016,3.84
IRE_MP_1764 ,4,31/01/2016,72,15,12/04/2016,3.76
IRE_MP_1764 ,4,31/01/2016,79,16,19/04/2016,3.82
IRE_MP_1764 ,4,31/01/2016,93,18,03/05/2016,3.90
IRE_MP_1764 ,4,31/01/2016,100,19,10/05/2016,3.85
IRE_MP_1764 ,4,31/01/2016,107,20,17/05/2016,3.96
IRE_MP_1764 ,4,31/01/2016,128,23,07/06/2016,3.82
IRE_MP_1764 ,4,31/01/2016,198,33,16/08/2016,3.34
IRE_MP_1764 ,4,31/01/2016,205,34,23/08/2016,3.38
IRE_MP_1764 ,4,31/01/2016,212,35,30/08/2016,3.46
IRE_MP_1764 ,4,31/01/2016,240,39,27/09/2016,3.25
IRE_MP_1764 ,4,31/01/2016,247,40,04/10/2016,3.29
IRE_MP_1764 ,4,31/01/2016,254,41,11/10/2016,3.20
IRE_MP_1904 ,1,05/02/2016,53,13,29/03/2016,3.95
IRE_MP_1904 ,1,05/02/2016,60,14,05/04/2016,3.90
IRE_MP_1904 ,1,05/02/2016,67,15,12/04/2016,3.96
IRE_MP_1904 ,1,05/02/2016,74,16,19/04/2016,3.83
IRE_MP_1904 ,1,05/02/2016,88,18,03/05/2016,3.91
IRE_MP_1904 ,1,05/02/2016,95,19,10/05/2016,4.00
IRE_MP_1904 ,1,05/02/2016,102,20,17/05/2016,3.68
IRE_MP_1904 ,1,05/02/2016,109,21,24/05/2016,3.85
IRE_MP_1904 ,1,05/02/2016,123,23,07/06/2016,3.82
IRE_MP_1904 ,1,05/02/2016,193,33,16/08/2016,3.82
IRE_MP_1904 ,1,05/02/2016,200,34,23/08/2016,3.77
IRE_MP_1904 ,1,05/02/2016,207,35,30/08/2016,3.80
IRE_MP_1904 ,1,05/02/2016,214,36,06/09/2016,3.82
IRE_MP_1904 ,1,05/02/2016,235,39,27/09/2016,3.90
IRE_MP_1904 ,1,05/02/2016,242,40,04/10/2016,3.74
IRE_MP_1904 ,1,05/02/2016,256,42,18/10/2016,3.74
IRE_MP_1904 ,1,05/02/2016,263,43,25/10/2016,3.81
IRE_MP_2084 ,4,30/01/2016,52,12,22/03/2016,3.09
IRE_MP_2084 ,4,30/01/2016,59,13,29/03/2016,3.28
IRE_MP_2084 ,4,30/01/2016,66,14,05/04/2016,3.24
IRE_MP_2084 ,4,30/01/2016,73,15,12/04/2016,3.25
IRE_MP_2084 ,4,30/01/2016,80,16,19/04/2016,3.20
IRE_MP_2084 ,4,30/01/2016,94,18,03/05/2016,3.38
IRE_MP_2084 ,4,30/01/2016,101,19,10/05/2016,3.26
IRE_MP_2084 ,4,30/01/2016,108,20,17/05/2016,3.31
IRE_MP_2084 ,4,30/01/2016,122,22,31/05/2016,3.30
IRE_MP_2084 ,4,30/01/2016,129,23,07/06/2016,3.27
IRE_MP_2084 ,4,30/01/2016,199,33,16/08/2016,3.14
IRE_MP_2084 ,4,30/01/2016,206,34,23/08/2016,3.22
IRE_MP_2084 ,4,30/01/2016,213,35,30/08/2016,3.06
IRE_MP_2084 ,4,30/01/2016,220,36,06/09/2016,3.10
IRE_MP_2084 ,4,30/01/2016,241,39,27/09/2016,3.13
IRE_MP_2084 ,4,30/01/2016,248,40,04/10/2016,3.08
IRE_MP_2084 ,4,30/01/2016,255,41,11/10/2016,2.98
IRE_MP_2084 ,4,30/01/2016,262,42,18/10/2016,3.12
IRE_MP_2084 ,4,30/01/2016,269,43,25/10/2016,3.12
IRE_MP_2120 ,4,24/01/2016,58,12,22/03/2016,3.01
IRE_MP_2120 ,4,24/01/2016,65,13,29/03/2016,2.95
IRE_MP_2120 ,4,24/01/2016,72,14,05/04/2016,3.18
IRE_MP_2120 ,4,24/01/2016,79,15,12/04/2016,2.86
IRE_MP_2120 ,4,24/01/2016,86,16,19/04/2016,3.05
IRE_MP_2120 ,4,24/01/2016,100,18,03/05/2016,3.00
IRE_MP_2120 ,4,24/01/2016,107,19,10/05/2016,3.05
IRE_MP_2120 ,4,24/01/2016,114,20,17/05/2016,3.02
IRE_MP_2120 ,4,24/01/2016,121,21,24/05/2016,3.09
IRE_MP_2120 ,4,24/01/2016,128,22,31/05/2016,3.09
IRE_MP_2120 ,4,24/01/2016,135,23,07/06/2016,3.10
IRE_MP_2120 ,4,24/01/2016,205,33,16/08/2016,3.21
IRE_MP_2120 ,4,24/01/2016,212,34,23/08/2016,3.12
IRE_MP_2120 ,4,24/01/2016,219,35,30/08/2016,3.06
IRE_MP_2120 ,4,24/01/2016,226,36,06/09/2016,3.08
IRE_MP_2120 ,4,24/01/2016,247,39,27/09/2016,3.23
IRE_MP_2120 ,4,24/01/2016,254,40,04/10/2016,3.18
IRE_MP_2120 ,4,24/01/2016,261,41,11/10/2016,3.34
IRE_MP_2120 ,4,24/01/2016,268,42,18/10/2016,3.24
IRE_MP_2120 ,4,24/01/2016,275,43,25/10/2016,3.20
IRE_MP_2120 ,4,24/01/2016,282,44,01/11/2016,3.31
IRE_MP_2120 ,4,24/01/2016,289,45,08/11/2016,3.14
IRE_MP_2120 ,4,24/01/2016,296,46,15/11/2016,3.30
IRE_MP_213 ,2,25/02/2016,33,13,29/03/2016,3.02
IRE_MP_213 ,2,25/02/2016,40,14,05/04/2016,3.22
IRE_MP_213 ,2,25/02/2016,47,15,12/04/2016,2.94
IRE_MP_213 ,2,25/02/2016,75,19,10/05/2016,3.16
IRE_MP_213 ,2,25/02/2016,82,20,17/05/2016,3.10
IRE_MP_213 ,2,25/02/2016,103,23,07/06/2016,3.04
IRE_MP_213 ,2,25/02/2016,173,33,16/08/2016,2.95
IRE_MP_213 ,2,25/02/2016,180,34,23/08/2016,3.02
IRE_MP_213 ,2,25/02/2016,187,35,30/08/2016,3.06
IRE_MP_213 ,2,25/02/2016,194,36,06/09/2016,2.98
IRE_MP_213 ,2,25/02/2016,215,39,27/09/2016,2.96
IRE_MP_213 ,2,25/02/2016,222,40,04/10/2016,2.93
IRE_MP_213 ,2,25/02/2016,236,42,18/10/2016,3.07
IRE_MP_213 ,2,25/02/2016,243,43,25/10/2016,2.95
IRE_MP_213 ,2,25/02/2016,250,44,01/11/2016,3.11
IRE_MP_213 ,2,25/02/2016,257,45,08/11/2016,3.03
IRE_MP_2133 ,4,01/02/2016,43,11,15/03/2016,3.51
IRE_MP_2133 ,4,01/02/2016,50,12,22/03/2016,3.34
IRE_MP_2133 ,4,01/02/2016,57,13,29/03/2016,3.35
IRE_MP_2133 ,4,01/02/2016,64,14,05/04/2016,3.33
IRE_MP_2133 ,4,01/02/2016,71,15,12/04/2016,3.38
IRE_MP_2133 ,4,01/02/2016,78,16,19/04/2016,3.63
IRE_MP_2133 ,4,01/02/2016,92,18,03/05/2016,3.72
IRE_MP_2133 ,4,01/02/2016,99,19,10/05/2016,3.50
IRE_MP_2133 ,4,01/02/2016,106,20,17/05/2016,3.64
IRE_MP_2133 ,4,01/02/2016,113,21,24/05/2016,3.53
IRE_MP_2133 ,4,01/02/2016,120,22,31/05/2016,3.50
IRE_MP_2133 ,4,01/02/2016,127,23,07/06/2016,3.57
IRE_MP_2157 ,2,18/02/2016,33,12,22/03/2016,3.20
IRE_MP_2157 ,2,18/02/2016,40,13,29/03/2016,3.07
IRE_MP_2157 ,2,18/02/2016,47,14,05/04/2016,3.24
IRE_MP_2157 ,2,18/02/2016,54,15,12/04/2016,3.31
IRE_MP_2157 ,2,18/02/2016,61,16,19/04/2016,3.37
IRE_MP_2157 ,2,18/02/2016,75,18,03/05/2016,3.33
IRE_MP_2157 ,2,18/02/2016,82,19,10/05/2016,3.48
IRE_MP_2157 ,2,18/02/2016,89,20,17/05/2016,3.33
IRE_MP_2157 ,2,18/02/2016,96,21,24/05/2016,3.53
IRE_MP_2157 ,2,18/02/2016,103,22,31/05/2016,3.38
IRE_MP_2157 ,2,18/02/2016,110,23,07/06/2016,3.49
IRE_MP_2157 ,2,18/02/2016,152,29,19/07/2016,3.47
IRE_MP_2157 ,2,18/02/2016,180,33,16/08/2016,3.39
IRE_MP_2157 ,2,18/02/2016,187,34,23/08/2016,3.37
IRE_MP_2157 ,2,18/02/2016,194,35,30/08/2016,3.46
IRE_MP_2157 ,2,18/02/2016,201,36,06/09/2016,3.37
IRE_MP_2157 ,2,18/02/2016,222,39,27/09/2016,3.38
IRE_MP_2157 ,2,18/02/2016,229,40,04/10/2016,3.35
IRE_MP_2157 ,2,18/02/2016,236,41,11/10/2016,3.43
IRE_MP_2157 ,2,18/02/2016,243,42,18/10/2016,3.42
IRE_MP_2157 ,2,18/02/2016,250,43,25/10/2016,3.49
IRE_MP_2157 ,2,18/02/2016,257,44,01/11/2016,3.46
IRE_MP_2157 ,2,18/02/2016,264,45,08/11/2016,3.48
IRE_MP_219 ,3,11/02/2016,33,11,15/03/2016,2.91
IRE_MP_219 ,3,11/02/2016,40,12,22/03/2016,2.95
IRE_MP_219 ,3,11/02/2016,47,13,29/03/2016,3.05
IRE_MP_219 ,3,11/02/2016,68,16,19/04/2016,3.14
IRE_MP_219 ,3,11/02/2016,89,19,10/05/2016,3.61
IRE_MP_219 ,3,11/02/2016,103,21,24/05/2016,3.42
IRE_MP_219 ,3,11/02/2016,110,22,31/05/2016,3.54
IRE_MP_219 ,3,11/02/2016,117,23,07/06/2016,3.50
IRE_MP_219 ,3,11/02/2016,187,33,16/08/2016,3.46
IRE_MP_219 ,3,11/02/2016,201,35,30/08/2016,3.44
IRE_MP_219 ,3,11/02/2016,208,36,06/09/2016,3.53
IRE_MP_219 ,3,11/02/2016,229,39,27/09/2016,3.57
IRE_MP_219 ,3,11/02/2016,236,40,04/10/2016,3.63
IRE_MP_219 ,3,11/02/2016,243,41,11/10/2016,3.67
IRE_MP_219 ,3,11/02/2016,250,42,18/10/2016,3.57
IRE_MP_219 ,3,11/02/2016,257,43,25/10/2016,3.65
IRE_MP_219 ,3,11/02/2016,264,44,01/11/2016,3.58
IRE_MP_219 ,3,11/02/2016,271,45,08/11/2016,3.65
IRE_MP_219 ,3,11/02/2016,285,47,22/11/2016,3.77
IRE_MP_230 ,3,27/02/2016,17,11,15/03/2016,3.08
IRE_MP_230 ,3,27/02/2016,24,12,22/03/2016,2.99
IRE_MP_230 ,3,27/02/2016,31,13,29/03/2016,3.03
IRE_MP_230 ,3,27/02/2016,38,14,05/04/2016,3.06
IRE_MP_230 ,3,27/02/2016,52,16,19/04/2016,3.26
IRE_MP_230 ,3,27/02/2016,87,21,24/05/2016,3.42
IRE_MP_230 ,3,27/02/2016,94,22,31/05/2016,3.50
IRE_MP_230 ,3,27/02/2016,101,23,07/06/2016,3.38
IRE_MP_230 ,3,27/02/2016,143,29,19/07/2016,3.26
IRE_MP_230 ,3,27/02/2016,178,34,23/08/2016,3.30
IRE_MP_230 ,3,27/02/2016,185,35,30/08/2016,3.45
IRE_MP_230 ,3,27/02/2016,192,36,06/09/2016,3.34
IRE_MP_230 ,3,27/02/2016,213,39,27/09/2016,3.33
IRE_MP_230 ,3,27/02/2016,220,40,04/10/2016,3.21
IRE_MP_230 ,3,27/02/2016,227,41,11/10/2016,3.42
IRE_MP_230 ,3,27/02/2016,234,42,18/10/2016,3.22
IRE_MP_230 ,3,27/02/2016,241,43,25/10/2016,3.31
IRE_MP_230 ,3,27/02/2016,248,44,01/11/2016,3.21
IRE_MP_230 ,3,27/02/2016,255,45,08/11/2016,3.40
IRE_MP_248 ,1,25/02/2016,26,12,22/03/2016,3.22
IRE_MP_248 ,1,25/02/2016,33,13,29/03/2016,3.40
IRE_MP_248 ,1,25/02/2016,40,14,05/04/2016,3.26
IRE_MP_248 ,1,25/02/2016,47,15,12/04/2016,3.46
IRE_MP_248 ,1,25/02/2016,54,16,19/04/2016,3.50
IRE_MP_248 ,1,25/02/2016,75,19,10/05/2016,3.33
IRE_MP_248 ,1,25/02/2016,89,21,24/05/2016,3.34
IRE_MP_248 ,1,25/02/2016,96,22,31/05/2016,3.42
IRE_MP_248 ,1,25/02/2016,103,23,07/06/2016,3.37
IRE_MP_248 ,1,25/02/2016,173,33,16/08/2016,3.34
IRE_MP_248 ,1,25/02/2016,180,34,23/08/2016,3.34
IRE_MP_248 ,1,25/02/2016,187,35,30/08/2016,3.46
IRE_MP_248 ,1,25/02/2016,194,36,06/09/2016,3.46
IRE_MP_248 ,1,25/02/2016,215,39,27/09/2016,3.30
IRE_MP_248 ,1,25/02/2016,222,40,04/10/2016,3.29
IRE_MP_248 ,1,25/02/2016,229,41,11/10/2016,3.36
IRE_MP_248 ,1,25/02/2016,236,42,18/10/2016,3.30
IRE_MP_249 ,1,19/01/2016,63,12,22/03/2016,3.62
IRE_MP_249 ,1,19/01/2016,70,13,29/03/2016,3.58
IRE_MP_249 ,1,19/01/2016,77,14,05/04/2016,3.42
IRE_MP_249 ,1,19/01/2016,84,15,12/04/2016,3.57
IRE_MP_249 ,1,19/01/2016,91,16,19/04/2016,3.58
IRE_MP_249 ,1,19/01/2016,105,18,03/05/2016,3.62
IRE_MP_249 ,1,19/01/2016,112,19,10/05/2016,3.57
IRE_MP_249 ,1,19/01/2016,119,20,17/05/2016,3.61
IRE_MP_249 ,1,19/01/2016,126,21,24/05/2016,3.41
IRE_MP_249 ,1,19/01/2016,133,22,31/05/2016,3.48
IRE_MP_249 ,1,19/01/2016,140,23,07/06/2016,3.54
IRE_MP_249 ,1,19/01/2016,182,29,19/07/2016,3.50
IRE_MP_249 ,1,19/01/2016,210,33,16/08/2016,3.39
IRE_MP_249 ,1,19/01/2016,217,34,23/08/2016,3.43
IRE_MP_249 ,1,19/01/2016,224,35,30/08/2016,3.42
IRE_MP_249 ,1,19/01/2016,231,36,06/09/2016,3.44
IRE_MP_249 ,1,19/01/2016,252,39,27/09/2016,3.34
IRE_MP_249 ,1,19/01/2016,259,40,04/10/2016,3.34
IRE_MP_249 ,1,19/01/2016,266,41,11/10/2016,3.36
IRE_MP_249 ,1,19/01/2016,273,42,18/10/2016,3.39
IRE_MP_249 ,1,19/01/2016,280,43,25/10/2016,3.40
IRE_MP_25 ,2,03/02/2016,48,12,22/03/2016,3.26
IRE_MP_25 ,2,03/02/2016,55,13,29/03/2016,3.32
IRE_MP_25 ,2,03/02/2016,62,14,05/04/2016,3.42
IRE_MP_25 ,2,03/02/2016,69,15,12/04/2016,3.47
IRE_MP_25 ,2,03/02/2016,76,16,19/04/2016,3.52
IRE_MP_25 ,2,03/02/2016,90,18,03/05/2016,3.67
IRE_MP_25 ,2,03/02/2016,97,19,10/05/2016,3.58
IRE_MP_25 ,2,03/02/2016,104,20,17/05/2016,3.60
IRE_MP_25 ,2,03/02/2016,111,21,24/05/2016,3.66
IRE_MP_25 ,2,03/02/2016,118,22,31/05/2016,3.71
IRE_MP_25 ,2,03/02/2016,125,23,07/06/2016,3.68
IRE_MP_25 ,2,03/02/2016,195,33,16/08/2016,3.65
IRE_MP_25 ,2,03/02/2016,202,34,23/08/2016,3.55
IRE_MP_25 ,2,03/02/2016,209,35,30/08/2016,3.60
IRE_MP_25 ,2,03/02/2016,216,36,06/09/2016,3.55
IRE_MP_25 ,2,03/02/2016,230,38,20/09/2016,3.42
IRE_MP_25 ,2,03/02/2016,237,39,27/09/2016,3.52
IRE_MP_25 ,2,03/02/2016,244,40,04/10/2016,3.50
IRE_MP_25 ,2,03/02/2016,251,41,11/10/2016,3.50
IRE_MP_251 ,1,25/02/2016,19,11,15/03/2016,3.41
IRE_MP_251 ,1,25/02/2016,26,12,22/03/2016,3.35
IRE_MP_251 ,1,25/02/2016,33,13,29/03/2016,3.32
IRE_MP_251 ,1,25/02/2016,40,14,05/04/2016,3.36
IRE_MP_251 ,1,25/02/2016,47,15,12/04/2016,3.46
IRE_MP_251 ,1,25/02/2016,54,16,19/04/2016,3.30
IRE_MP_251 ,1,25/02/2016,68,18,03/05/2016,3.41
IRE_MP_251 ,1,25/02/2016,75,19,10/05/2016,3.37
IRE_MP_251 ,1,25/02/2016,180,34,23/08/2016,3.46
IRE_MP_252 ,3,13/02/2016,38,12,22/03/2016,2.84
IRE_MP_252 ,3,13/02/2016,45,13,29/03/2016,2.92
IRE_MP_252 ,3,13/02/2016,52,14,05/04/2016,2.95
IRE_MP_252 ,3,13/02/2016,59,15,12/04/2016,2.91
IRE_MP_252 ,3,13/02/2016,66,16,19/04/2016,2.92
IRE_MP_252 ,3,13/02/2016,87,19,10/05/2016,3.14
IRE_MP_252 ,3,13/02/2016,101,21,24/05/2016,2.95
IRE_MP_252 ,3,13/02/2016,108,22,31/05/2016,2.98
IRE_MP_252 ,3,13/02/2016,115,23,07/06/2016,2.96
IRE_MP_252 ,3,13/02/2016,157,29,19/07/2016,3.30
IRE_MP_252 ,3,13/02/2016,185,33,16/08/2016,3.04
IRE_MP_252 ,3,13/02/2016,192,34,23/08/2016,3.14
IRE_MP_252 ,3,13/02/2016,206,36,06/09/2016,3.37
IRE_MP_252 ,3,13/02/2016,234,40,04/10/2016,3.17
IRE_MP_252 ,3,13/02/2016,248,42,18/10/2016,3.29
IRE_MP_261 ,1,26/02/2016,32,13,29/03/2016,4.01
IRE_MP_261 ,1,26/02/2016,39,14,05/04/2016,4.07
IRE_MP_261 ,1,26/02/2016,46,15,12/04/2016,4.18
IRE_MP_261 ,1,26/02/2016,53,16,19/04/2016,4.03
IRE_MP_261 ,1,26/02/2016,67,18,03/05/2016,4.17
IRE_MP_261 ,1,26/02/2016,74,19,10/05/2016,4.17
IRE_MP_261 ,1,26/02/2016,88,21,24/05/2016,4.06
IRE_MP_261 ,1,26/02/2016,95,22,31/05/2016,4.02
IRE_MP_261 ,1,26/02/2016,102,23,07/06/2016,4.25
IRE_MP_261 ,1,26/02/2016,172,33,16/08/2016,3.99
IRE_MP_261 ,1,26/02/2016,179,34,23/08/2016,3.86
IRE_MP_261 ,1,26/02/2016,186,35,30/08/2016,3.95
IRE_MP_261 ,1,26/02/2016,193,36,06/09/2016,3.87
IRE_MP_261 ,1,26/02/2016,214,39,27/09/2016,3.89
IRE_MP_261 ,1,26/02/2016,221,40,04/10/2016,3.93
IRE_MP_261 ,1,26/02/2016,228,41,11/10/2016,3.93
IRE_MP_261 ,1,26/02/2016,235,42,18/10/2016,3.90
IRE_MP_264 ,1,25/02/2016,33,13,29/03/2016,3.43
IRE_MP_264 ,1,25/02/2016,40,14,05/04/2016,3.56
IRE_MP_264 ,1,25/02/2016,47,15,12/04/2016,3.50
IRE_MP_265 ,1,30/01/2016,52,12,22/03/2016,3.78
IRE_MP_265 ,1,30/01/2016,59,13,29/03/2016,3.88
IRE_MP_265 ,1,30/01/2016,66,14,05/04/2016,3.74
IRE_MP_265 ,1,30/01/2016,73,15,12/04/2016,3.72
IRE_MP_265 ,1,30/01/2016,80,16,19/04/2016,3.92
IRE_MP_265 ,1,30/01/2016,94,18,03/05/2016,3.90
IRE_MP_265 ,1,30/01/2016,101,19,10/05/2016,3.90
IRE_MP_265 ,1,30/01/2016,115,21,24/05/2016,3.91
IRE_MP_265 ,1,30/01/2016,122,22,31/05/2016,3.85
IRE_MP_265 ,1,30/01/2016,129,23,07/06/2016,3.83
IRE_MP_265 ,1,30/01/2016,171,29,19/07/2016,3.82
IRE_MP_265 ,1,30/01/2016,199,33,16/08/2016,3.89
IRE_MP_265 ,1,30/01/2016,206,34,23/08/2016,3.90
IRE_MP_265 ,1,30/01/2016,213,35,30/08/2016,3.92
IRE_MP_265 ,1,30/01/2016,220,36,06/09/2016,3.94
IRE_MP_265 ,1,30/01/2016,241,39,27/09/2016,3.96
IRE_MP_265 ,1,30/01/2016,248,40,04/10/2016,3.99
IRE_MP_265 ,1,30/01/2016,255,41,11/10/2016,3.98
IRE_MP_265 ,1,30/01/2016,262,42,18/10/2016,4.00
IRE_MP_266 ,1,27/01/2016,48,11,15/03/2016,3.30
IRE_MP_266 ,1,27/01/2016,55,12,22/03/2016,3.34
IRE_MP_266 ,1,27/01/2016,62,13,29/03/2016,3.22
IRE_MP_266 ,1,27/01/2016,69,14,05/04/2016,3.39
IRE_MP_266 ,1,27/01/2016,83,16,19/04/2016,3.38
IRE_MP_266 ,1,27/01/2016,97,18,03/05/2016,3.45
IRE_MP_266 ,1,27/01/2016,104,19,10/05/2016,3.35
IRE_MP_266 ,1,27/01/2016,125,22,31/05/2016,3.44
IRE_MP_266 ,1,27/01/2016,132,23,07/06/2016,3.41
IRE_MP_269 ,1,13/01/2016,69,12,22/03/2016,3.79
IRE_MP_269 ,1,13/01/2016,76,13,29/03/2016,3.69
IRE_MP_269 ,1,13/01/2016,83,14,05/04/2016,3.66
IRE_MP_269 ,1,13/01/2016,90,15,12/04/2016,3.75
IRE_MP_269 ,1,13/01/2016,97,16,19/04/2016,3.74
IRE_MP_269 ,1,13/01/2016,111,18,03/05/2016,3.81
IRE_MP_269 ,1,13/01/2016,118,19,10/05/2016,3.75
IRE_MP_269 ,1,13/01/2016,125,20,17/05/2016,3.96
IRE_MP_269 ,1,13/01/2016,132,21,24/05/2016,3.92
IRE_MP_269 ,1,13/01/2016,139,22,31/05/2016,3.74
IRE_MP_269 ,1,13/01/2016,146,23,07/06/2016,3.66
IRE_MP_269 ,1,13/01/2016,188,29,19/07/2016,3.60
IRE_MP_269 ,1,13/01/2016,216,33,16/08/2016,3.63
IRE_MP_269 ,1,13/01/2016,223,34,23/08/2016,3.50
IRE_MP_269 ,1,13/01/2016,230,35,30/08/2016,3.58
IRE_MP_269 ,1,13/01/2016,237,36,06/09/2016,3.52
IRE_MP_269 ,1,13/01/2016,251,38,20/09/2016,3.50
IRE_MP_269 ,1,13/01/2016,258,39,27/09/2016,3.46
IRE_MP_269 ,1,13/01/2016,265,40,04/10/2016,3.43
IRE_MP_269 ,1,13/01/2016,272,41,11/10/2016,3.54
IRE_MP_269 ,1,13/01/2016,279,42,18/10/2016,3.44
IRE_MP_275 ,1,16/02/2016,28,11,15/03/2016,3.96
IRE_MP_275 ,1,16/02/2016,35,12,22/03/2016,3.86
IRE_MP_275 ,1,16/02/2016,42,13,29/03/2016,3.86
IRE_MP_275 ,1,16/02/2016,56,15,12/04/2016,3.82
IRE_MP_275 ,1,16/02/2016,63,16,19/04/2016,3.86
IRE_MP_275 ,1,16/02/2016,77,18,03/05/2016,4.02
IRE_MP_275 ,1,16/02/2016,84,19,10/05/2016,3.86
IRE_MP_275 ,1,16/02/2016,91,20,17/05/2016,4.03
IRE_MP_275 ,1,16/02/2016,98,21,24/05/2016,3.98
IRE_MP_275 ,1,16/02/2016,105,22,31/05/2016,3.98
IRE_MP_275 ,1,16/02/2016,112,23,07/06/2016,3.96
IRE_MP_275 ,1,16/02/2016,182,33,16/08/2016,3.81
IRE_MP_275 ,1,16/02/2016,189,34,23/08/2016,3.85
IRE_MP_275 ,1,16/02/2016,196,35,30/08/2016,3.86
IRE_MP_275 ,1,16/02/2016,203,36,06/09/2016,3.90
IRE_MP_275 ,1,16/02/2016,224,39,27/09/2016,3.82
IRE_MP_275 ,1,16/02/2016,231,40,04/10/2016,3.75
IRE_MP_275 ,1,16/02/2016,238,41,11/10/2016,3.74
IRE_MP_275 ,1,16/02/2016,245,42,18/10/2016,3.85
IRE_MP_275 ,1,16/02/2016,252,43,25/10/2016,3.85
IRE_MP_275 ,1,16/02/2016,259,44,01/11/2016,3.80
IRE_MP_275 ,1,16/02/2016,266,45,08/11/2016,3.83
IRE_MP_275 ,1,16/02/2016,294,49,06/12/2016,3.87
IRE_MP_278 ,1,14/02/2016,37,12,22/03/2016,3.51
IRE_MP_278 ,1,14/02/2016,44,13,29/03/2016,3.51
IRE_MP_278 ,1,14/02/2016,51,14,05/04/2016,3.46
IRE_MP_278 ,1,14/02/2016,58,15,12/04/2016,3.59
IRE_MP_278 ,1,14/02/2016,65,16,19/04/2016,3.66
IRE_MP_278 ,1,14/02/2016,79,18,03/05/2016,3.71
IRE_MP_278 ,1,14/02/2016,86,19,10/05/2016,3.68
IRE_MP_278 ,1,14/02/2016,100,21,24/05/2016,3.67
IRE_MP_278 ,1,14/02/2016,107,22,31/05/2016,3.82
IRE_MP_278 ,1,14/02/2016,114,23,07/06/2016,3.73
IRE_MP_278 ,1,14/02/2016,156,29,19/07/2016,3.66
IRE_MP_278 ,1,14/02/2016,184,33,16/08/2016,3.58
IRE_MP_278 ,1,14/02/2016,191,34,23/08/2016,3.70
IRE_MP_278 ,1,14/02/2016,198,35,30/08/2016,3.74
IRE_MP_278 ,1,14/02/2016,205,36,06/09/2016,3.69
IRE_MP_278 ,1,14/02/2016,226,39,27/09/2016,3.70
IRE_MP_278 ,1,14/02/2016,233,40,04/10/2016,3.75
IRE_MP_278 ,1,14/02/2016,240,41,11/10/2016,3.68
IRE_MP_278 ,1,14/02/2016,247,42,18/10/2016,3.64
IRE_MP_278 ,1,14/02/2016,254,43,25/10/2016,3.77
IRE_MP_278 ,1,14/02/2016,261,44,01/11/2016,3.74
IRE_MP_278 ,1,14/02/2016,268,45,08/11/2016,3.81
IRE_MP_28 ,2,29/01/2016,53,12,22/03/2016,3.19
IRE_MP_28 ,2,29/01/2016,60,13,29/03/2016,3.38
IRE_MP_28 ,2,29/01/2016,67,14,05/04/2016,3.34
IRE_MP_28 ,2,29/01/2016,74,15,12/04/2016,3.37
IRE_MP_28 ,2,29/01/2016,81,16,19/04/2016,3.35
IRE_MP_28 ,2,29/01/2016,102,19,10/05/2016,3.39
IRE_MP_28 ,2,29/01/2016,109,20,17/05/2016,3.38
IRE_MP_28 ,2,29/01/2016,116,21,24/05/2016,3.51
IRE_MP_28 ,2,29/01/2016,123,22,31/05/2016,3.38
IRE_MP_28 ,2,29/01/2016,130,23,07/06/2016,3.52
IRE_MP_28 ,2,29/01/2016,200,33,16/08/2016,3.41
IRE_MP_28 ,2,29/01/2016,207,34,23/08/2016,3.64
IRE_MP_28 ,2,29/01/2016,214,35,30/08/2016,3.50
IRE_MP_28 ,2,29/01/2016,221,36,06/09/2016,3.49
IRE_MP_28 ,2,29/01/2016,242,39,27/09/2016,3.29
IRE_MP_28 ,2,29/01/2016,249,40,04/10/2016,3.43
IRE_MP_28 ,2,29/01/2016,256,41,11/10/2016,3.55
IRE_MP_28 ,2,29/01/2016,263,42,18/10/2016,3.21
IRE_MP_28 ,2,29/01/2016,270,43,25/10/2016,3.44
IRE_MP_28 ,2,29/01/2016,277,44,01/11/2016,3.34
IRE_MP_28 ,2,29/01/2016,284,45,08/11/2016,3.61
IRE_MP_28 ,2,29/01/2016,291,46,15/11/2016,3.57
IRE_MP_283 ,1,21/01/2016,68,13,29/03/2016,3.41
IRE_MP_283 ,1,21/01/2016,82,15,12/04/2016,3.46
IRE_MP_283 ,1,21/01/2016,327,50,13/12/2016,3.96
IRE_MP_295 ,1,01/02/2016,43,11,15/03/2016,3.90
IRE_MP_295 ,1,01/02/2016,50,12,22/03/2016,3.78
IRE_MP_295 ,1,01/02/2016,57,13,29/03/2016,3.83
IRE_MP_295 ,1,01/02/2016,64,14,05/04/2016,3.90
IRE_MP_295 ,1,01/02/2016,71,15,12/04/2016,3.99
IRE_MP_295 ,1,01/02/2016,78,16,19/04/2016,4.02
IRE_MP_295 ,1,01/02/2016,92,18,03/05/2016,4.03
IRE_MP_295 ,1,01/02/2016,99,19,10/05/2016,3.90
IRE_MP_295 ,1,01/02/2016,106,20,17/05/2016,4.00
IRE_MP_295 ,1,01/02/2016,113,21,24/05/2016,4.01
IRE_MP_295 ,1,01/02/2016,120,22,31/05/2016,3.97
IRE_MP_295 ,1,01/02/2016,127,23,07/06/2016,3.99
IRE_MP_295 ,1,01/02/2016,169,29,19/07/2016,3.90
IRE_MP_295 ,1,01/02/2016,197,33,16/08/2016,3.80
IRE_MP_295 ,1,01/02/2016,204,34,23/08/2016,3.83
IRE_MP_295 ,1,01/02/2016,211,35,30/08/2016,3.91
IRE_MP_295 ,1,01/02/2016,218,36,06/09/2016,3.87
IRE_MP_295 ,1,01/02/2016,239,39,27/09/2016,3.87
IRE_MP_295 ,1,01/02/2016,246,40,04/10/2016,3.84
IRE_MP_295 ,1,01/02/2016,253,41,11/10/2016,3.84
IRE_MP_295 ,1,01/02/2016,267,43,25/10/2016,3.88
IRE_MP_295 ,1,01/02/2016,274,44,01/11/2016,3.86
IRE_MP_295 ,1,01/02/2016,281,45,08/11/2016,3.86
IRE_MP_308 ,1,23/02/2016,21,11,15/03/2016,3.86
IRE_MP_308 ,1,23/02/2016,35,13,29/03/2016,3.84
IRE_MP_308 ,1,23/02/2016,42,14,05/04/2016,3.73
IRE_MP_308 ,1,23/02/2016,49,15,12/04/2016,3.86
IRE_MP_308 ,1,23/02/2016,56,16,19/04/2016,3.74
IRE_MP_308 ,1,23/02/2016,77,19,10/05/2016,3.76
IRE_MP_308 ,1,23/02/2016,84,20,17/05/2016,3.74
IRE_MP_308 ,1,23/02/2016,91,21,24/05/2016,3.69
IRE_MP_308 ,1,23/02/2016,98,22,31/05/2016,3.67
IRE_MP_308 ,1,23/02/2016,105,23,07/06/2016,3.66
IRE_MP_308 ,1,23/02/2016,147,29,19/07/2016,3.78
IRE_MP_308 ,1,23/02/2016,175,33,16/08/2016,3.62
IRE_MP_308 ,1,23/02/2016,182,34,23/08/2016,3.63
IRE_MP_308 ,1,23/02/2016,189,35,30/08/2016,3.65
IRE_MP_308 ,1,23/02/2016,196,36,06/09/2016,3.62
IRE_MP_308 ,1,23/02/2016,217,39,27/09/2016,3.64
IRE_MP_308 ,1,23/02/2016,224,40,04/10/2016,3.62
IRE_MP_308 ,1,23/02/2016,231,41,11/10/2016,3.63
IRE_MP_308 ,1,23/02/2016,238,42,18/10/2016,3.59
IRE_MP_308 ,1,23/02/2016,245,43,25/10/2016,3.65
IRE_MP_308 ,1,23/02/2016,252,44,01/11/2016,3.69
IRE_MP_308 ,1,23/02/2016,259,45,08/11/2016,3.63
IRE_MP_308 ,1,23/02/2016,273,47,22/11/2016,3.71
IRE_MP_3086 ,4,01/02/2016,57,13,29/03/2016,3.38
IRE_MP_3086 ,4,01/02/2016,64,14,05/04/2016,3.34
IRE_MP_3086 ,4,01/02/2016,71,15,12/04/2016,3.39
IRE_MP_3086 ,4,01/02/2016,78,16,19/04/2016,3.46
IRE_MP_3086 ,4,01/02/2016,92,18,03/05/2016,3.42
IRE_MP_3086 ,4,01/02/2016,99,19,10/05/2016,3.43
IRE_MP_3086 ,4,01/02/2016,113,21,24/05/2016,3.42
IRE_MP_3086 ,4,01/02/2016,120,22,31/05/2016,3.62
IRE_MP_3086 ,4,01/02/2016,127,23,07/06/2016,3.64
IRE_MP_3086 ,4,01/02/2016,169,29,19/07/2016,3.62
IRE_MP_3086 ,4,01/02/2016,197,33,16/08/2016,3.63
IRE_MP_3086 ,4,01/02/2016,204,34,23/08/2016,3.67
IRE_MP_3086 ,4,01/02/2016,246,40,04/10/2016,3.52
IRE_MP_3086 ,4,01/02/2016,253,41,11/10/2016,3.74
IRE_MP_3086 ,4,01/02/2016,260,42,18/10/2016,3.62
IRE_MP_3086 ,4,01/02/2016,267,43,25/10/2016,3.70
IRE_MP_3086 ,4,01/02/2016,274,44,01/11/2016,3.67
IRE_MP_311 ,1,30/01/2016,52,12,22/03/2016,3.69
IRE_MP_311 ,1,30/01/2016,59,13,29/03/2016,3.72
IRE_MP_311 ,1,30/01/2016,66,14,05/04/2016,3.68
IRE_MP_311 ,1,30/01/2016,73,15,12/04/2016,3.75
IRE_MP_311 ,1,30/01/2016,80,16,19/04/2016,3.77
IRE_MP_311 ,1,30/01/2016,94,18,03/05/2016,3.83
IRE_MP_311 ,1,30/01/2016,108,20,17/05/2016,3.87
IRE_MP_311 ,1,30/01/2016,115,21,24/05/2016,3.78
IRE_MP_311 ,1,30/01/2016,122,22,31/05/2016,3.78
IRE_MP_311 ,1,30/01/2016,129,23,07/06/2016,3.84
IRE_MP_311 ,1,30/01/2016,171,29,19/07/2016,3.74
IRE_MP_311 ,1,30/01/2016,206,34,23/08/2016,3.62
IRE_MP_311 ,1,30/01/2016,213,35,30/08/2016,3.62
IRE_MP_311 ,1,30/01/2016,241,39,27/09/2016,3.70
IRE_MP_311 ,1,30/01/2016,248,40,04/10/2016,3.65
IRE_MP_311 ,1,30/01/2016,262,42,18/10/2016,3.54
IRE_MP_311 ,1,30/01/2016,269,43,25/10/2016,3.62
IRE_MP_311 ,1,30/01/2016,276,44,01/11/2016,3.52
IRE_MP_311 ,1,30/01/2016,283,45,08/11/2016,3.53
IRE_MP_330 ,1,03/02/2016,48,12,22/03/2016,3.48
IRE_MP_330 ,1,03/02/2016,55,13,29/03/2016,3.48
IRE_MP_330 ,1,03/02/2016,62,14,05/04/2016,3.52
IRE_MP_330 ,1,03/02/2016,69,15,12/04/2016,3.44
IRE_MP_330 ,1,03/02/2016,76,16,19/04/2016,3.40
IRE_MP_330 ,1,03/02/2016,97,19,10/05/2016,3.40
IRE_MP_330 ,1,03/02/2016,104,20,17/05/2016,3.37
IRE_MP_330 ,1,03/02/2016,118,22,31/05/2016,3.40
IRE_MP_330 ,1,03/02/2016,125,23,07/06/2016,3.44
IRE_MP_330 ,1,03/02/2016,167,29,19/07/2016,3.36
IRE_MP_330 ,1,03/02/2016,195,33,16/08/2016,3.27
IRE_MP_330 ,1,03/02/2016,202,34,23/08/2016,3.21
IRE_MP_330 ,1,03/02/2016,209,35,30/08/2016,3.18
IRE_MP_330 ,1,03/02/2016,216,36,06/09/2016,3.29
IRE_MP_330 ,1,03/02/2016,237,39,27/09/2016,3.24
IRE_MP_330 ,1,03/02/2016,258,42,18/10/2016,3.26
IRE_MP_330 ,1,03/02/2016,265,43,25/10/2016,3.30
IRE_MP_330 ,1,03/02/2016,272,44,01/11/2016,3.38
IRE_MP_330 ,1,03/02/2016,279,45,08/11/2016,3.46
IRE_MP_334 ,1,28/02/2016,30,13,29/03/2016,4.02
IRE_MP_334 ,1,28/02/2016,37,14,05/04/2016,4.14
IRE_MP_334 ,1,28/02/2016,44,15,12/04/2016,3.99
IRE_MP_334 ,1,28/02/2016,51,16,19/04/2016,3.89
IRE_MP_334 ,1,28/02/2016,65,18,03/05/2016,4.10
IRE_MP_334 ,1,28/02/2016,72,19,10/05/2016,4.04
IRE_MP_334 ,1,28/02/2016,100,23,07/06/2016,4.06
IRE_MP_334 ,1,28/02/2016,170,33,16/08/2016,4.02
IRE_MP_334 ,1,28/02/2016,184,35,30/08/2016,3.93
IRE_MP_334 ,1,28/02/2016,191,36,06/09/2016,4.04
IRE_MP_334 ,1,28/02/2016,212,39,27/09/2016,3.86
IRE_MP_334 ,1,28/02/2016,219,40,04/10/2016,3.90
IRE_MP_334 ,1,28/02/2016,226,41,11/10/2016,3.91
IRE_MP_334 ,1,28/02/2016,233,42,18/10/2016,3.88
IRE_MP_340 ,1,03/02/2016,41,11,15/03/2016,3.43
IRE_MP_340 ,1,03/02/2016,48,12,22/03/2016,3.41
IRE_MP_340 ,1,03/02/2016,55,13,29/03/2016,3.36
IRE_MP_340 ,1,03/02/2016,62,14,05/04/2016,3.44
IRE_MP_340 ,1,03/02/2016,76,16,19/04/2016,3.58
IRE_MP_340 ,1,03/02/2016,90,18,03/05/2016,3.44
IRE_MP_340 ,1,03/02/2016,97,19,10/05/2016,3.51
IRE_MP_340 ,1,03/02/2016,104,20,17/05/2016,3.45
IRE_MP_340 ,1,03/02/2016,111,21,24/05/2016,3.61
IRE_MP_340 ,1,03/02/2016,118,22,31/05/2016,3.46
IRE_MP_340 ,1,03/02/2016,125,23,07/06/2016,3.41
IRE_MP_340 ,1,03/02/2016,195,33,16/08/2016,3.48
IRE_MP_340 ,1,03/02/2016,202,34,23/08/2016,3.39
IRE_MP_340 ,1,03/02/2016,209,35,30/08/2016,3.54
IRE_MP_340 ,1,03/02/2016,216,36,06/09/2016,3.42
IRE_MP_340 ,1,03/02/2016,237,39,27/09/2016,3.37
IRE_MP_340 ,1,03/02/2016,244,40,04/10/2016,3.50
IRE_MP_340 ,1,03/02/2016,258,42,18/10/2016,3.36
IRE_MP_340 ,1,03/02/2016,265,43,25/10/2016,3.43
IRE_MP_340 ,1,03/02/2016,272,44,01/11/2016,3.54
IRE_MP_340 ,1,03/02/2016,279,45,08/11/2016,3.50
IRE_MP_344 ,1,18/01/2016,64,12,22/03/2016,3.70
IRE_MP_344 ,1,18/01/2016,71,13,29/03/2016,3.65
IRE_MP_344 ,1,18/01/2016,78,14,05/04/2016,3.70
IRE_MP_344 ,1,18/01/2016,85,15,12/04/2016,3.75
IRE_MP_344 ,1,18/01/2016,92,16,19/04/2016,3.72
IRE_MP_344 ,1,18/01/2016,113,19,10/05/2016,3.89
IRE_MP_344 ,1,18/01/2016,127,21,24/05/2016,3.86
IRE_MP_344 ,1,18/01/2016,134,22,31/05/2016,3.89
IRE_MP_344 ,1,18/01/2016,141,23,07/06/2016,3.82
IRE_MP_344 ,1,18/01/2016,183,29,19/07/2016,3.96
IRE_MP_344 ,1,18/01/2016,211,33,16/08/2016,3.82
IRE_MP_344 ,1,18/01/2016,218,34,23/08/2016,3.90
IRE_MP_344 ,1,18/01/2016,225,35,30/08/2016,3.89
IRE_MP_344 ,1,18/01/2016,232,36,06/09/2016,3.87
IRE_MP_344 ,1,18/01/2016,253,39,27/09/2016,3.86
IRE_MP_344 ,1,18/01/2016,260,40,04/10/2016,3.88
IRE_MP_344 ,1,18/01/2016,274,42,18/10/2016,3.82
IRE_MP_3503 ,2,23/02/2016,28,12,22/03/2016,3.34
IRE_MP_3503 ,2,23/02/2016,35,13,29/03/2016,3.26
IRE_MP_3503 ,2,23/02/2016,42,14,05/04/2016,3.14
IRE_MP_3503 ,2,23/02/2016,49,15,12/04/2016,3.11
IRE_MP_3503 ,2,23/02/2016,56,16,19/04/2016,3.18
IRE_MP_3503 ,2,23/02/2016,70,18,03/05/2016,3.13
IRE_MP_3503 ,2,23/02/2016,77,19,10/05/2016,3.10
IRE_MP_3551 ,2,07/02/2016,37,11,15/03/2016,3.09
IRE_MP_3551 ,2,07/02/2016,44,12,22/03/2016,3.13
IRE_MP_3551 ,2,07/02/2016,51,13,29/03/2016,3.09
IRE_MP_3551 ,2,07/02/2016,58,14,05/04/2016,3.30
IRE_MP_3551 ,2,07/02/2016,65,15,12/04/2016,3.20
IRE_MP_3551 ,2,07/02/2016,72,16,19/04/2016,3.36
IRE_MP_3551 ,2,07/02/2016,86,18,03/05/2016,3.28
IRE_MP_3551 ,2,07/02/2016,93,19,10/05/2016,3.51
IRE_MP_3551 ,2,07/02/2016,107,21,24/05/2016,3.41
IRE_MP_3551 ,2,07/02/2016,114,22,31/05/2016,3.37
IRE_MP_3551 ,2,07/02/2016,121,23,07/06/2016,3.40
IRE_MP_3551 ,2,07/02/2016,163,29,19/07/2016,3.33
IRE_MP_3551 ,2,07/02/2016,191,33,16/08/2016,3.21
IRE_MP_3551 ,2,07/02/2016,198,34,23/08/2016,3.26
IRE_MP_3551 ,2,07/02/2016,205,35,30/08/2016,3.38
IRE_MP_3551 ,2,07/02/2016,212,36,06/09/2016,3.30
IRE_MP_3551 ,2,07/02/2016,240,40,04/10/2016,3.28
IRE_MP_3551 ,2,07/02/2016,247,41,11/10/2016,3.32
IRE_MP_3551 ,2,07/02/2016,254,42,18/10/2016,3.38
IRE_MP_3551 ,2,07/02/2016,261,43,25/10/2016,3.42
IRE_MP_3551 ,2,07/02/2016,268,44,01/11/2016,3.38
IRE_MP_3551 ,2,07/02/2016,275,45,08/11/2016,3.40
IRE_MP_356 ,1,11/02/2016,33,11,15/03/2016,3.56
IRE_MP_356 ,1,11/02/2016,40,12,22/03/2016,3.62
IRE_MP_356 ,1,11/02/2016,47,13,29/03/2016,3.72
IRE_MP_356 ,1,11/02/2016,54,14,05/04/2016,3.64
IRE_MP_356 ,1,11/02/2016,61,15,12/04/2016,3.84
IRE_MP_356 ,1,11/02/2016,68,16,19/04/2016,3.87
IRE_MP_356 ,1,11/02/2016,82,18,03/05/2016,3.73
IRE_MP_356 ,1,11/02/2016,89,19,10/05/2016,3.71
IRE_MP_356 ,1,11/02/2016,96,20,17/05/2016,3.87
IRE_MP_356 ,1,11/02/2016,103,21,24/05/2016,3.71
IRE_MP_356 ,1,11/02/2016,110,22,31/05/2016,3.76
IRE_MP_356 ,1,11/02/2016,117,23,07/06/2016,3.66
IRE_MP_356 ,1,11/02/2016,159,29,19/07/2016,3.66
IRE_MP_356 ,1,11/02/2016,187,33,16/08/2016,3.61
IRE_MP_356 ,1,11/02/2016,194,34,23/08/2016,3.61
IRE_MP_356 ,1,11/02/2016,201,35,30/08/2016,3.70
IRE_MP_356 ,1,11/02/2016,229,39,27/09/2016,3.74
IRE_MP_356 ,1,11/02/2016,236,40,04/10/2016,3.57
IRE_MP_356 ,1,11/02/2016,243,41,11/10/2016,3.71
IRE_MP_356 ,1,11/02/2016,250,42,18/10/2016,3.58
IRE_MP_356 ,1,11/02/2016,257,43,25/10/2016,3.70
IRE_MP_356 ,1,11/02/2016,264,44,01/11/2016,3.66
IRE_MP_356 ,1,11/02/2016,271,45,08/11/2016,3.69
IRE_MP_3579 ,2,17/02/2016,34,12,22/03/2016,3.14
IRE_MP_3579 ,2,17/02/2016,41,13,29/03/2016,3.05
IRE_MP_3579 ,2,17/02/2016,48,14,05/04/2016,3.14
IRE_MP_3579 ,2,17/02/2016,55,15,12/04/2016,3.12
IRE_MP_3579 ,2,17/02/2016,62,16,19/04/2016,3.02
IRE_MP_3579 ,2,17/02/2016,76,18,03/05/2016,3.21
IRE_MP_3579 ,2,17/02/2016,83,19,10/05/2016,3.40
IRE_MP_3579 ,2,17/02/2016,90,20,17/05/2016,3.42
IRE_MP_3579 ,2,17/02/2016,97,21,24/05/2016,3.40
IRE_MP_3579 ,2,17/02/2016,104,22,31/05/2016,3.41
IRE_MP_3579 ,2,17/02/2016,111,23,07/06/2016,3.31
IRE_MP_3579 ,2,17/02/2016,153,29,19/07/2016,3.38
IRE_MP_3579 ,2,17/02/2016,181,33,16/08/2016,3.51
IRE_MP_3579 ,2,17/02/2016,188,34,23/08/2016,3.49
IRE_MP_3579 ,2,17/02/2016,195,35,30/08/2016,3.50
IRE_MP_3579 ,2,17/02/2016,202,36,06/09/2016,3.50
IRE_MP_3579 ,2,17/02/2016,223,39,27/09/2016,3.42
IRE_MP_3579 ,2,17/02/2016,230,40,04/10/2016,3.38
IRE_MP_3579 ,2,17/02/2016,237,41,11/10/2016,3.38
IRE_MP_3579 ,2,17/02/2016,244,42,18/10/2016,3.34
IRE_MP_3579 ,2,17/02/2016,251,43,25/10/2016,3.48
IRE_MP_3579 ,2,17/02/2016,258,44,01/11/2016,3.50
IRE_MP_3579 ,2,17/02/2016,265,45,08/11/2016,3.48
IRE_MP_3579 ,2,17/02/2016,272,46,15/11/2016,3.58
IRE_MP_3579 ,2,17/02/2016,279,47,22/11/2016,3.55
IRE_MP_3586 ,2,28/01/2016,54,12,22/03/2016,3.32
IRE_MP_3586 ,2,28/01/2016,61,13,29/03/2016,3.46
IRE_MP_3586 ,2,28/01/2016,68,14,05/04/2016,3.47
IRE_MP_3586 ,2,28/01/2016,75,15,12/04/2016,3.53
IRE_MP_3586 ,2,28/01/2016,82,16,19/04/2016,3.75
IRE_MP_3586 ,2,28/01/2016,96,18,03/05/2016,3.61
IRE_MP_3586 ,2,28/01/2016,103,19,10/05/2016,3.63
IRE_MP_3586 ,2,28/01/2016,110,20,17/05/2016,3.60
IRE_MP_3586 ,2,28/01/2016,117,21,24/05/2016,3.69
IRE_MP_3586 ,2,28/01/2016,124,22,31/05/2016,3.63
IRE_MP_3586 ,2,28/01/2016,131,23,07/06/2016,3.58
IRE_MP_3594 ,2,14/02/2016,30,11,15/03/2016,3.02
IRE_MP_3594 ,2,14/02/2016,37,12,22/03/2016,3.10
IRE_MP_3594 ,2,14/02/2016,44,13,29/03/2016,3.11
IRE_MP_3594 ,2,14/02/2016,58,15,12/04/2016,3.19
IRE_MP_3594 ,2,14/02/2016,65,16,19/04/2016,3.22
IRE_MP_3594 ,2,14/02/2016,86,19,10/05/2016,3.28
IRE_MP_3594 ,2,14/02/2016,93,20,17/05/2016,3.44
IRE_MP_3594 ,2,14/02/2016,100,21,24/05/2016,3.32
IRE_MP_3605 ,2,13/02/2016,38,12,22/03/2016,3.44
IRE_MP_3605 ,2,13/02/2016,45,13,29/03/2016,3.38
IRE_MP_3605 ,2,13/02/2016,52,14,05/04/2016,3.46
IRE_MP_3605 ,2,13/02/2016,59,15,12/04/2016,3.54
IRE_MP_3605 ,2,13/02/2016,66,16,19/04/2016,3.60
IRE_MP_3605 ,2,13/02/2016,87,19,10/05/2016,3.55
IRE_MP_3605 ,2,13/02/2016,94,20,17/05/2016,3.71
IRE_MP_3605 ,2,13/02/2016,115,23,07/06/2016,3.66
IRE_MP_3605 ,2,13/02/2016,157,29,19/07/2016,3.67
IRE_MP_3605 ,2,13/02/2016,185,33,16/08/2016,3.66
IRE_MP_3605 ,2,13/02/2016,192,34,23/08/2016,3.76
IRE_MP_3605 ,2,13/02/2016,199,35,30/08/2016,3.72
IRE_MP_361 ,1,14/02/2016,44,13,29/03/2016,3.45
IRE_MP_361 ,1,14/02/2016,51,14,05/04/2016,3.53
IRE_MP_361 ,1,14/02/2016,58,15,12/04/2016,3.49
IRE_MP_361 ,1,14/02/2016,65,16,19/04/2016,3.47
IRE_MP_361 ,1,14/02/2016,79,18,03/05/2016,3.50
IRE_MP_361 ,1,14/02/2016,86,19,10/05/2016,3.52
IRE_MP_361 ,1,14/02/2016,93,20,17/05/2016,3.67
IRE_MP_361 ,1,14/02/2016,100,21,24/05/2016,3.57
IRE_MP_361 ,1,14/02/2016,107,22,31/05/2016,3.59
IRE_MP_361 ,1,14/02/2016,114,23,07/06/2016,3.54
IRE_MP_361 ,1,14/02/2016,156,29,19/07/2016,3.63
IRE_MP_361 ,1,14/02/2016,184,33,16/08/2016,3.61
IRE_MP_361 ,1,14/02/2016,191,34,23/08/2016,3.43
IRE_MP_361 ,1,14/02/2016,198,35,30/08/2016,3.54
IRE_MP_361 ,1,14/02/2016,205,36,06/09/2016,3.48
IRE_MP_361 ,1,14/02/2016,226,39,27/09/2016,3.51
IRE_MP_361 ,1,14/02/2016,233,40,04/10/2016,3.44
IRE_MP_361 ,1,14/02/2016,240,41,11/10/2016,3.42
IRE_MP_361 ,1,14/02/2016,247,42,18/10/2016,3.44
IRE_MP_361 ,1,14/02/2016,254,43,25/10/2016,3.54
IRE_MP_361 ,1,14/02/2016,261,44,01/11/2016,3.54
IRE_MP_386 ,1,01/02/2016,57,13,29/03/2016,3.60
IRE_MP_386 ,1,01/02/2016,64,14,05/04/2016,3.74
IRE_MP_386 ,1,01/02/2016,71,15,12/04/2016,3.65
IRE_MP_386 ,1,01/02/2016,78,16,19/04/2016,3.82
IRE_MP_386 ,1,01/02/2016,92,18,03/05/2016,3.78
IRE_MP_386 ,1,01/02/2016,99,19,10/05/2016,3.66
IRE_MP_386 ,1,01/02/2016,106,20,17/05/2016,3.86
IRE_MP_386 ,1,01/02/2016,113,21,24/05/2016,3.86
IRE_MP_386 ,1,01/02/2016,120,22,31/05/2016,3.76
IRE_MP_386 ,1,01/02/2016,127,23,07/06/2016,3.70
IRE_MP_386 ,1,01/02/2016,169,29,19/07/2016,3.69
IRE_MP_386 ,1,01/02/2016,197,33,16/08/2016,3.75
IRE_MP_386 ,1,01/02/2016,204,34,23/08/2016,3.67
IRE_MP_386 ,1,01/02/2016,211,35,30/08/2016,3.66
IRE_MP_386 ,1,01/02/2016,218,36,06/09/2016,3.66
IRE_MP_386 ,1,01/02/2016,246,40,04/10/2016,3.73
IRE_MP_386 ,1,01/02/2016,253,41,11/10/2016,3.67
IRE_MP_386 ,1,01/02/2016,260,42,18/10/2016,3.58
IRE_MP_386 ,1,01/02/2016,267,43,25/10/2016,3.58
IRE_MP_386 ,1,01/02/2016,274,44,01/11/2016,3.66
IRE_MP_389 ,1,18/02/2016,40,13,29/03/2016,3.66
IRE_MP_389 ,1,18/02/2016,47,14,05/04/2016,3.66
IRE_MP_389 ,1,18/02/2016,54,15,12/04/2016,3.74
IRE_MP_389 ,1,18/02/2016,61,16,19/04/2016,3.69
IRE_MP_389 ,1,18/02/2016,75,18,03/05/2016,3.75
IRE_MP_389 ,1,18/02/2016,82,19,10/05/2016,3.79
IRE_MP_389 ,1,18/02/2016,89,20,17/05/2016,3.78
IRE_MP_389 ,1,18/02/2016,96,21,24/05/2016,3.82
IRE_MP_389 ,1,18/02/2016,103,22,31/05/2016,3.82
IRE_MP_389 ,1,18/02/2016,110,23,07/06/2016,3.76
IRE_MP_389 ,1,18/02/2016,152,29,19/07/2016,3.73
IRE_MP_389 ,1,18/02/2016,180,33,16/08/2016,3.64
IRE_MP_389 ,1,18/02/2016,187,34,23/08/2016,3.68
IRE_MP_389 ,1,18/02/2016,194,35,30/08/2016,3.61
IRE_MP_389 ,1,18/02/2016,201,36,06/09/2016,3.55
IRE_MP_389 ,1,18/02/2016,215,38,20/09/2016,3.57
IRE_MP_389 ,1,18/02/2016,229,40,04/10/2016,3.66
IRE_MP_389 ,1,18/02/2016,236,41,11/10/2016,3.61
IRE_MP_389 ,1,18/02/2016,243,42,18/10/2016,3.54
IRE_MP_389 ,1,18/02/2016,250,43,25/10/2016,3.59
IRE_MP_389 ,1,18/02/2016,257,44,01/11/2016,3.75
IRE_MP_389 ,1,18/02/2016,264,45,08/11/2016,3.68
IRE_MP_389 ,1,18/02/2016,278,47,22/11/2016,3.66
IRE_MP_404 ,1,11/02/2016,33,11,15/03/2016,3.37
IRE_MP_404 ,1,11/02/2016,40,12,22/03/2016,3.34
IRE_MP_404 ,1,11/02/2016,47,13,29/03/2016,3.40
IRE_MP_404 ,1,11/02/2016,54,14,05/04/2016,3.50
IRE_MP_404 ,1,11/02/2016,61,15,12/04/2016,3.47
IRE_MP_404 ,1,11/02/2016,68,16,19/04/2016,3.50
IRE_MP_404 ,1,11/02/2016,82,18,03/05/2016,3.16
IRE_MP_404 ,1,11/02/2016,89,19,10/05/2016,3.62
IRE_MP_404 ,1,11/02/2016,96,20,17/05/2016,3.55
IRE_MP_404 ,1,11/02/2016,103,21,24/05/2016,3.61
IRE_MP_404 ,1,11/02/2016,110,22,31/05/2016,3.51
IRE_MP_404 ,1,11/02/2016,117,23,07/06/2016,3.41
IRE_MP_404 ,1,11/02/2016,159,29,19/07/2016,3.64
IRE_MP_404 ,1,11/02/2016,187,33,16/08/2016,3.45
IRE_MP_404 ,1,11/02/2016,194,34,23/08/2016,3.41
IRE_MP_404 ,1,11/02/2016,201,35,30/08/2016,3.52
IRE_MP_404 ,1,11/02/2016,208,36,06/09/2016,3.45
IRE_MP_404 ,1,11/02/2016,229,39,27/09/2016,3.46
IRE_MP_404 ,1,11/02/2016,236,40,04/10/2016,3.29
IRE_MP_416 ,1,06/02/2016,45,12,22/03/2016,3.48
IRE_MP_416 ,1,06/02/2016,52,13,29/03/2016,3.37
IRE_MP_416 ,1,06/02/2016,59,14,05/04/2016,3.40
IRE_MP_416 ,1,06/02/2016,66,15,12/04/2016,3.58
IRE_MP_416 ,1,06/02/2016,73,16,19/04/2016,3.35
IRE_MP_416 ,1,06/02/2016,87,18,03/05/2016,3.18
IRE_MP_416 ,1,06/02/2016,94,19,10/05/2016,3.33
IRE_MP_416 ,1,06/02/2016,101,20,17/05/2016,3.59
IRE_MP_416 ,1,06/02/2016,108,21,24/05/2016,3.47
IRE_MP_416 ,1,06/02/2016,115,22,31/05/2016,3.48
IRE_MP_416 ,1,06/02/2016,122,23,07/06/2016,3.33
IRE_MP_416 ,1,06/02/2016,164,29,19/07/2016,3.34
IRE_MP_416 ,1,06/02/2016,192,33,16/08/2016,3.49
IRE_MP_416 ,1,06/02/2016,199,34,23/08/2016,3.40
IRE_MP_418 ,1,02/03/2016,13,11,15/03/2016,3.58
IRE_MP_418 ,1,02/03/2016,20,12,22/03/2016,3.40
IRE_MP_418 ,1,02/03/2016,27,13,29/03/2016,3.59
IRE_MP_418 ,1,02/03/2016,34,14,05/04/2016,3.50
IRE_MP_418 ,1,02/03/2016,41,15,12/04/2016,3.69
IRE_MP_418 ,1,02/03/2016,48,16,19/04/2016,3.76
IRE_MP_418 ,1,02/03/2016,62,18,03/05/2016,3.66
IRE_MP_418 ,1,02/03/2016,69,19,10/05/2016,3.68
IRE_MP_418 ,1,02/03/2016,76,20,17/05/2016,3.65
IRE_MP_418 ,1,02/03/2016,83,21,24/05/2016,3.67
IRE_MP_418 ,1,02/03/2016,90,22,31/05/2016,3.64
IRE_MP_418 ,1,02/03/2016,97,23,07/06/2016,3.66
IRE_MP_418 ,1,02/03/2016,139,29,19/07/2016,3.75
IRE_MP_418 ,1,02/03/2016,167,33,16/08/2016,3.76
IRE_MP_418 ,1,02/03/2016,174,34,23/08/2016,3.75
IRE_MP_418 ,1,02/03/2016,188,36,06/09/2016,3.58
IRE_MP_418 ,1,02/03/2016,209,39,27/09/2016,3.75
IRE_MP_418 ,1,02/03/2016,216,40,04/10/2016,3.64
IRE_MP_418 ,1,02/03/2016,230,42,18/10/2016,3.55
IRE_MP_418 ,1,02/03/2016,237,43,25/10/2016,3.68
IRE_MP_418 ,1,02/03/2016,244,44,01/11/2016,3.66
IRE_MP_418 ,1,02/03/2016,251,45,08/11/2016,3.62
IRE_MP_424 ,1,19/02/2016,32,12,22/03/2016,3.27
IRE_MP_424 ,1,19/02/2016,39,13,29/03/2016,3.15
IRE_MP_424 ,1,19/02/2016,53,15,12/04/2016,3.46
IRE_MP_424 ,1,19/02/2016,60,16,19/04/2016,3.38
IRE_MP_424 ,1,19/02/2016,81,19,10/05/2016,3.37
IRE_MP_424 ,1,19/02/2016,88,20,17/05/2016,3.23
IRE_MP_424 ,1,19/02/2016,95,21,24/05/2016,3.32
IRE_MP_424 ,1,19/02/2016,102,22,31/05/2016,3.18
IRE_MP_424 ,1,19/02/2016,109,23,07/06/2016,3.19
IRE_MP_424 ,1,19/02/2016,151,29,19/07/2016,3.34
IRE_MP_424 ,1,19/02/2016,179,33,16/08/2016,3.37
IRE_MP_424 ,1,19/02/2016,186,34,23/08/2016,3.30
IRE_MP_424 ,1,19/02/2016,193,35,30/08/2016,3.32
IRE_MP_424 ,1,19/02/2016,200,36,06/09/2016,3.30
IRE_MP_424 ,1,19/02/2016,221,39,27/09/2016,3.28
IRE_MP_424 ,1,19/02/2016,228,40,04/10/2016,3.26
IRE_MP_424 ,1,19/02/2016,235,41,11/10/2016,3.30
IRE_MP_424 ,1,19/02/2016,242,42,18/10/2016,3.27
IRE_MP_424 ,1,19/02/2016,249,43,25/10/2016,3.37
IRE_MP_424 ,1,19/02/2016,256,44,01/11/2016,3.40
IRE_MP_424 ,1,19/02/2016,263,45,08/11/2016,3.30
IRE_MP_436 ,1,07/02/2016,51,13,29/03/2016,3.76
IRE_MP_436 ,1,07/02/2016,58,14,05/04/2016,3.83
IRE_MP_436 ,1,07/02/2016,65,15,12/04/2016,3.86
IRE_MP_436 ,1,07/02/2016,72,16,19/04/2016,3.87
IRE_MP_436 ,1,07/02/2016,289,47,22/11/2016,3.74
IRE_MP_452 ,1,06/02/2016,52,13,29/03/2016,3.98
IRE_MP_452 ,1,06/02/2016,59,14,05/04/2016,3.90
IRE_MP_452 ,1,06/02/2016,66,15,12/04/2016,3.87
IRE_MP_452 ,1,06/02/2016,73,16,19/04/2016,3.82
IRE_MP_452 ,1,06/02/2016,94,19,10/05/2016,3.82
IRE_MP_452 ,1,06/02/2016,108,21,24/05/2016,3.99
IRE_MP_452 ,1,06/02/2016,115,22,31/05/2016,4.01
IRE_MP_452 ,1,06/02/2016,122,23,07/06/2016,3.97
IRE_MP_452 ,1,06/02/2016,164,29,19/07/2016,3.82
IRE_MP_452 ,1,06/02/2016,192,33,16/08/2016,3.83
IRE_MP_452 ,1,06/02/2016,199,34,23/08/2016,3.80
IRE_MP_452 ,1,06/02/2016,206,35,30/08/2016,3.81
IRE_MP_452 ,1,06/02/2016,234,39,27/09/2016,3.76
IRE_MP_452 ,1,06/02/2016,241,40,04/10/2016,3.78
IRE_MP_452 ,1,06/02/2016,255,42,18/10/2016,3.78
IRE_MP_452 ,1,06/02/2016,262,43,25/10/2016,3.79
IRE_MP_452 ,1,06/02/2016,269,44,01/11/2016,3.77
IRE_MP_452 ,1,06/02/2016,276,45,08/11/2016,3.82
IRE_MP_452 ,1,06/02/2016,290,47,22/11/2016,3.88
IRE_MP_4923 ,5,19/02/2016,25,11,15/03/2016,2.26
IRE_MP_4923 ,5,19/02/2016,32,12,22/03/2016,2.28
IRE_MP_4923 ,5,19/02/2016,39,13,29/03/2016,2.46
IRE_MP_4923 ,5,19/02/2016,46,14,05/04/2016,2.46
IRE_MP_4923 ,5,19/02/2016,53,15,12/04/2016,2.30
IRE_MP_4923 ,5,19/02/2016,60,16,19/04/2016,2.53
IRE_MP_4923 ,5,19/02/2016,81,19,10/05/2016,2.57
IRE_MP_4923 ,5,19/02/2016,88,20,17/05/2016,2.64
IRE_MP_4923 ,5,19/02/2016,102,22,31/05/2016,2.86
IRE_MP_4923 ,5,19/02/2016,109,23,07/06/2016,2.62
IRE_MP_4923 ,5,19/02/2016,151,29,19/07/2016,3.02
IRE_MP_4923 ,5,19/02/2016,179,33,16/08/2016,3.07
IRE_MP_4923 ,5,19/02/2016,186,34,23/08/2016,2.96
IRE_MP_4923 ,5,19/02/2016,193,35,30/08/2016,3.12
IRE_MP_51 ,2,07/02/2016,44,12,22/03/2016,3.66
IRE_MP_51 ,2,07/02/2016,51,13,29/03/2016,3.62
IRE_MP_51 ,2,07/02/2016,58,14,05/04/2016,3.70
IRE_MP_51 ,2,07/02/2016,65,15,12/04/2016,3.78
IRE_MP_51 ,2,07/02/2016,72,16,19/04/2016,3.82
IRE_MP_51 ,2,07/02/2016,93,19,10/05/2016,3.84
IRE_MP_51 ,2,07/02/2016,100,20,17/05/2016,3.96
IRE_MP_51 ,2,07/02/2016,107,21,24/05/2016,3.67
IRE_MP_51 ,2,07/02/2016,114,22,31/05/2016,3.66
IRE_MP_51 ,2,07/02/2016,121,23,07/06/2016,3.70
IRE_MP_51 ,2,07/02/2016,163,29,19/07/2016,3.75
IRE_MP_51 ,2,07/02/2016,191,33,16/08/2016,3.66
IRE_MP_51 ,2,07/02/2016,198,34,23/08/2016,3.66
IRE_MP_51 ,2,07/02/2016,205,35,30/08/2016,3.63
IRE_MP_51 ,2,07/02/2016,212,36,06/09/2016,3.58
IRE_MP_51 ,2,07/02/2016,226,38,20/09/2016,3.74
IRE_MP_51 ,2,07/02/2016,240,40,04/10/2016,3.66
IRE_MP_51 ,2,07/02/2016,247,41,11/10/2016,3.66
IRE_MP_51 ,2,07/02/2016,254,42,18/10/2016,3.64
IRE_MP_51 ,2,07/02/2016,261,43,25/10/2016,3.66
IRE_MP_51 ,2,07/02/2016,268,44,01/11/2016,3.74
IRE_MP_51 ,2,07/02/2016,275,45,08/11/2016,3.71
IRE_MP_51 ,2,07/02/2016,282,46,15/11/2016,3.71
IRE_MP_62 ,2,24/01/2016,58,12,22/03/2016,2.64
IRE_MP_62 ,2,24/01/2016,65,13,29/03/2016,2.67
IRE_MP_62 ,2,24/01/2016,72,14,05/04/2016,2.80
IRE_MP_62 ,2,24/01/2016,79,15,12/04/2016,2.66
IRE_MP_62 ,2,24/01/2016,86,16,19/04/2016,2.82
IRE_MP_62 ,2,24/01/2016,100,18,03/05/2016,2.82
IRE_MP_62 ,2,24/01/2016,107,19,10/05/2016,2.98
IRE_MP_62 ,2,24/01/2016,114,20,17/05/2016,2.90
IRE_MP_62 ,2,24/01/2016,121,21,24/05/2016,2.98
IRE_MP_62 ,2,24/01/2016,128,22,31/05/2016,2.95
IRE_MP_62 ,2,24/01/2016,135,23,07/06/2016,2.90
IRE_MP_62 ,2,24/01/2016,177,29,19/07/2016,2.98
IRE_MP_62 ,2,24/01/2016,205,33,16/08/2016,3.09
IRE_MP_62 ,2,24/01/2016,212,34,23/08/2016,3.10
IRE_MP_62 ,2,24/01/2016,219,35,30/08/2016,3.07
IRE_MP_62 ,2,24/01/2016,226,36,06/09/2016,3.16
IRE_MP_62 ,2,24/01/2016,247,39,27/09/2016,3.20
IRE_MP_62 ,2,24/01/2016,254,40,04/10/2016,3.21
IRE_MP_62 ,2,24/01/2016,261,41,11/10/2016,3.16
IRE_MP_62 ,2,24/01/2016,268,42,18/10/2016,3.27
IRE_MP_62 ,2,24/01/2016,275,43,25/10/2016,3.30
IRE_MP_62 ,2,24/01/2016,282,44,01/11/2016,3.28
IRE_MP_6216 ,4,05/02/2016,46,12,22/03/2016,2.97
IRE_MP_6216 ,4,05/02/2016,53,13,29/03/2016,2.83
IRE_MP_6216 ,4,05/02/2016,60,14,05/04/2016,2.82
IRE_MP_6216 ,4,05/02/2016,67,15,12/04/2016,2.99
IRE_MP_6216 ,4,05/02/2016,74,16,19/04/2016,3.03
IRE_MP_6216 ,4,05/02/2016,88,18,03/05/2016,3.07
IRE_MP_6216 ,4,05/02/2016,95,19,10/05/2016,3.11
IRE_MP_6216 ,4,05/02/2016,109,21,24/05/2016,2.98
IRE_MP_6216 ,4,05/02/2016,116,22,31/05/2016,3.02
IRE_MP_6216 ,4,05/02/2016,123,23,07/06/2016,2.98
IRE_MP_6216 ,4,05/02/2016,165,29,19/07/2016,3.02
IRE_MP_6216 ,4,05/02/2016,193,33,16/08/2016,3.06
IRE_MP_6216 ,4,05/02/2016,200,34,23/08/2016,2.90
IRE_MP_6216 ,4,05/02/2016,207,35,30/08/2016,2.97
IRE_MP_6216 ,4,05/02/2016,214,36,06/09/2016,3.01
IRE_MP_6216 ,4,05/02/2016,235,39,27/09/2016,2.86
IRE_MP_6216 ,4,05/02/2016,242,40,04/10/2016,3.02
IRE_MP_6217 ,4,24/01/2016,65,13,29/03/2016,3.47
IRE_MP_6217 ,4,24/01/2016,72,14,05/04/2016,3.42
IRE_MP_6217 ,4,24/01/2016,79,15,12/04/2016,3.42
IRE_MP_6217 ,4,24/01/2016,86,16,19/04/2016,3.50
IRE_MP_6217 ,4,24/01/2016,100,18,03/05/2016,3.54
IRE_MP_6217 ,4,24/01/2016,107,19,10/05/2016,3.46
IRE_MP_6217 ,4,24/01/2016,114,20,17/05/2016,3.55
IRE_MP_6217 ,4,24/01/2016,121,21,24/05/2016,3.54
IRE_MP_6217 ,4,24/01/2016,128,22,31/05/2016,3.64
IRE_MP_6217 ,4,24/01/2016,135,23,07/06/2016,3.58
IRE_MP_6217 ,4,24/01/2016,177,29,19/07/2016,3.52
IRE_MP_6217 ,4,24/01/2016,205,33,16/08/2016,3.50
IRE_MP_6217 ,4,24/01/2016,212,34,23/08/2016,3.53
IRE_MP_6217 ,4,24/01/2016,219,35,30/08/2016,3.48
IRE_MP_6217 ,4,24/01/2016,247,39,27/09/2016,3.51
IRE_MP_6217 ,4,24/01/2016,254,40,04/10/2016,3.52
IRE_MP_6217 ,4,24/01/2016,261,41,11/10/2016,3.66
IRE_MP_6217 ,4,24/01/2016,268,42,18/10/2016,3.60
IRE_MP_6217 ,4,24/01/2016,275,43,25/10/2016,3.62
IRE_MP_6217 ,4,24/01/2016,282,44,01/11/2016,3.63
IRE_MP_6249 ,4,09/02/2016,49,13,29/03/2016,3.48
IRE_MP_6249 ,4,09/02/2016,56,14,05/04/2016,3.46
IRE_MP_6249 ,4,09/02/2016,63,15,12/04/2016,3.55
IRE_MP_6249 ,4,09/02/2016,70,16,19/04/2016,3.53
IRE_MP_6249 ,4,09/02/2016,84,18,03/05/2016,3.67
IRE_MP_6249 ,4,09/02/2016,91,19,10/05/2016,3.68
IRE_MP_6249 ,4,09/02/2016,98,20,17/05/2016,3.76
IRE_MP_6249 ,4,09/02/2016,105,21,24/05/2016,3.77
IRE_MP_6249 ,4,09/02/2016,112,22,31/05/2016,3.64
IRE_MP_6249 ,4,09/02/2016,119,23,07/06/2016,3.68
IRE_MP_6249 ,4,09/02/2016,161,29,19/07/2016,3.78
IRE_MP_6249 ,4,09/02/2016,189,33,16/08/2016,3.82
IRE_MP_6249 ,4,09/02/2016,196,34,23/08/2016,3.84
IRE_MP_6249 ,4,09/02/2016,203,35,30/08/2016,3.82
IRE_MP_6249 ,4,09/02/2016,210,36,06/09/2016,3.78
IRE_MP_6249 ,4,09/02/2016,231,39,27/09/2016,3.77
IRE_MP_6249 ,4,09/02/2016,238,40,04/10/2016,3.89
IRE_MP_6249 ,4,09/02/2016,245,41,11/10/2016,3.83
IRE_MP_6249 ,4,09/02/2016,252,42,18/10/2016,3.98
IRE_MP_6249 ,4,09/02/2016,259,43,25/10/2016,3.99
IRE_MP_6249 ,4,09/02/2016,266,44,01/11/2016,4.03
IRE_MP_6401 ,4,09/02/2016,42,12,22/03/2016,2.92
IRE_MP_6401 ,4,09/02/2016,49,13,29/03/2016,2.86
IRE_MP_6401 ,4,09/02/2016,56,14,05/04/2016,2.86
IRE_MP_6401 ,4,09/02/2016,63,15,12/04/2016,2.90
IRE_MP_6401 ,4,09/02/2016,70,16,19/04/2016,2.91
IRE_MP_6401 ,4,09/02/2016,77,17,26/04/2016,3.04
IRE_MP_6401 ,4,09/02/2016,84,18,03/05/2016,3.10
IRE_MP_6401 ,4,09/02/2016,91,19,10/05/2016,3.05
IRE_MP_6401 ,4,09/02/2016,98,20,17/05/2016,3.05
IRE_MP_6401 ,4,09/02/2016,105,21,24/05/2016,3.10
IRE_MP_6401 ,4,09/02/2016,112,22,31/05/2016,3.06
IRE_MP_6401 ,4,09/02/2016,119,23,07/06/2016,3.10
IRE_MP_6401 ,4,09/02/2016,189,33,16/08/2016,3.10
IRE_MP_6401 ,4,09/02/2016,196,34,23/08/2016,3.14
IRE_MP_6401 ,4,09/02/2016,203,35,30/08/2016,3.04
IRE_MP_6401 ,4,09/02/2016,231,39,27/09/2016,3.19
IRE_MP_6401 ,4,09/02/2016,238,40,04/10/2016,3.15
IRE_MP_66 ,2,07/02/2016,44,12,22/03/2016,3.01
IRE_MP_66 ,2,07/02/2016,51,13,29/03/2016,3.01
IRE_MP_66 ,2,07/02/2016,58,14,05/04/2016,3.19
IRE_MP_66 ,2,07/02/2016,65,15,12/04/2016,3.15
IRE_MP_66 ,2,07/02/2016,72,16,19/04/2016,3.49
IRE_MP_66 ,2,07/02/2016,86,18,03/05/2016,3.68
IRE_MP_66 ,2,07/02/2016,93,19,10/05/2016,3.50
IRE_MP_67 ,2,12/02/2016,39,12,22/03/2016,3.50
IRE_MP_67 ,2,12/02/2016,46,13,29/03/2016,3.58
IRE_MP_67 ,2,12/02/2016,53,14,05/04/2016,3.54
IRE_MP_67 ,2,12/02/2016,60,15,12/04/2016,3.57
IRE_MP_67 ,2,12/02/2016,67,16,19/04/2016,3.63
IRE_MP_67 ,2,12/02/2016,88,19,10/05/2016,3.69
IRE_MP_67 ,2,12/02/2016,102,21,24/05/2016,3.62
IRE_MP_67 ,2,12/02/2016,109,22,31/05/2016,3.56
IRE_MP_67 ,2,12/02/2016,116,23,07/06/2016,3.67
IRE_MP_67 ,2,12/02/2016,186,33,16/08/2016,3.54
IRE_MP_67 ,2,12/02/2016,193,34,23/08/2016,3.71
IRE_MP_67 ,2,12/02/2016,200,35,30/08/2016,3.72
IRE_MP_67 ,2,12/02/2016,207,36,06/09/2016,3.64
IRE_MP_67 ,2,12/02/2016,228,39,27/09/2016,3.67
IRE_MP_67 ,2,12/02/2016,235,40,04/10/2016,3.62
IRE_MP_67 ,2,12/02/2016,242,41,11/10/2016,3.62
IRE_MP_67 ,2,12/02/2016,249,42,18/10/2016,3.60
IRE_MP_67 ,2,12/02/2016,256,43,25/10/2016,3.71
IRE_MP_67 ,2,12/02/2016,263,44,01/11/2016,3.66
IRE_MP_67 ,2,12/02/2016,270,45,08/11/2016,3.70
IRE_MP_67 ,2,12/02/2016,277,46,15/11/2016,3.74
IRE_MP_6704 ,4,24/01/2016,58,12,22/03/2016,3.37
IRE_MP_6704 ,4,24/01/2016,65,13,29/03/2016,3.38
IRE_MP_6704 ,4,24/01/2016,72,14,05/04/2016,3.58
IRE_MP_6704 ,4,24/01/2016,79,15,12/04/2016,3.48
IRE_MP_6704 ,4,24/01/2016,86,16,19/04/2016,3.38
IRE_MP_6704 ,4,24/01/2016,100,18,03/05/2016,3.62
IRE_MP_6704 ,4,24/01/2016,107,19,10/05/2016,3.69
IRE_MP_6704 ,4,24/01/2016,114,20,17/05/2016,3.53
IRE_MP_6704 ,4,24/01/2016,121,21,24/05/2016,3.62
IRE_MP_6704 ,4,24/01/2016,128,22,31/05/2016,3.73
IRE_MP_6704 ,4,24/01/2016,135,23,07/06/2016,3.72
IRE_MP_6704 ,4,24/01/2016,205,33,16/08/2016,3.64
IRE_MP_6704 ,4,24/01/2016,212,34,23/08/2016,3.59
IRE_MP_6704 ,4,24/01/2016,219,35,30/08/2016,3.51
IRE_MP_6704 ,4,24/01/2016,226,36,06/09/2016,3.54
IRE_MP_6704 ,4,24/01/2016,247,39,27/09/2016,3.53
IRE_MP_6704 ,4,24/01/2016,254,40,04/10/2016,3.46
IRE_MP_6704 ,4,24/01/2016,261,41,11/10/2016,3.46
IRE_MP_6704 ,4,24/01/2016,268,42,18/10/2016,3.52
IRE_MP_6704 ,4,24/01/2016,275,43,25/10/2016,3.60
IRE_MP_6704 ,4,24/01/2016,282,44,01/11/2016,3.56
IRE_MP_6704 ,4,24/01/2016,289,45,08/11/2016,3.67
IRE_MP_6704 ,4,24/01/2016,296,46,15/11/2016,3.70
IRE_MP_6704 ,4,24/01/2016,303,47,22/11/2016,3.69
IRE_MP_6704 ,4,24/01/2016,310,48,29/11/2016,3.75
IRE_MP_6723 ,4,01/02/2016,43,11,15/03/2016,3.02
IRE_MP_6723 ,4,01/02/2016,50,12,22/03/2016,2.93
IRE_MP_6723 ,4,01/02/2016,57,13,29/03/2016,2.87
IRE_MP_6723 ,4,01/02/2016,64,14,05/04/2016,2.98
IRE_MP_6723 ,4,01/02/2016,71,15,12/04/2016,3.02
IRE_MP_6723 ,4,01/02/2016,78,16,19/04/2016,2.88
IRE_MP_6723 ,4,01/02/2016,92,18,03/05/2016,3.10
IRE_MP_6723 ,4,01/02/2016,99,19,10/05/2016,2.96
IRE_MP_6723 ,4,01/02/2016,120,22,31/05/2016,3.21
IRE_MP_6723 ,4,01/02/2016,127,23,07/06/2016,3.18
IRE_MP_6723 ,4,01/02/2016,169,29,19/07/2016,3.36
IRE_MP_6723 ,4,01/02/2016,197,33,16/08/2016,3.32
IRE_MP_6723 ,4,01/02/2016,204,34,23/08/2016,3.20
IRE_MP_6723 ,4,01/02/2016,239,39,27/09/2016,3.26
IRE_MP_6723 ,4,01/02/2016,246,40,04/10/2016,3.21
IRE_MP_6723 ,4,01/02/2016,253,41,11/10/2016,3.30
IRE_MP_6800 ,4,05/02/2016,39,11,15/03/2016,3.16
IRE_MP_6800 ,4,05/02/2016,46,12,22/03/2016,3.14
IRE_MP_6800 ,4,05/02/2016,53,13,29/03/2016,3.07
IRE_MP_6800 ,4,05/02/2016,60,14,05/04/2016,2.94
IRE_MP_6800 ,4,05/02/2016,67,15,12/04/2016,2.95
IRE_MP_6800 ,4,05/02/2016,74,16,19/04/2016,3.13
IRE_MP_6800 ,4,05/02/2016,88,18,03/05/2016,3.16
IRE_MP_6800 ,4,05/02/2016,95,19,10/05/2016,3.29
IRE_MP_6800 ,4,05/02/2016,102,20,17/05/2016,3.34
IRE_MP_6800 ,4,05/02/2016,109,21,24/05/2016,3.21
IRE_MP_6800 ,4,05/02/2016,116,22,31/05/2016,3.17
IRE_MP_6800 ,4,05/02/2016,123,23,07/06/2016,3.13
IRE_MP_6800 ,4,05/02/2016,165,29,19/07/2016,3.62
IRE_MP_6800 ,4,05/02/2016,193,33,16/08/2016,3.54
IRE_MP_6800 ,4,05/02/2016,200,34,23/08/2016,3.63
IRE_MP_6800 ,4,05/02/2016,207,35,30/08/2016,3.60
IRE_MP_6800 ,4,05/02/2016,214,36,06/09/2016,3.57
IRE_MP_6800 ,4,05/02/2016,242,40,04/10/2016,3.62
IRE_MP_6800 ,4,05/02/2016,249,41,11/10/2016,3.79
IRE_MP_6800 ,4,05/02/2016,256,42,18/10/2016,3.62
IRE_MP_6800 ,4,05/02/2016,270,44,01/11/2016,3.67
IRE_MP_6800 ,4,05/02/2016,291,47,22/11/2016,3.78
IRE_MP_7009 ,3,30/01/2016,45,11,15/03/2016,3.19
IRE_MP_7009 ,3,30/01/2016,52,12,22/03/2016,3.26
IRE_MP_7009 ,3,30/01/2016,59,13,29/03/2016,3.21
IRE_MP_7009 ,3,30/01/2016,66,14,05/04/2016,3.38
IRE_MP_7009 ,3,30/01/2016,73,15,12/04/2016,3.39
IRE_MP_7009 ,3,30/01/2016,80,16,19/04/2016,3.21
IRE_MP_7009 ,3,30/01/2016,94,18,03/05/2016,3.23
IRE_MP_7009 ,3,30/01/2016,101,19,10/05/2016,3.34
IRE_MP_7009 ,3,30/01/2016,108,20,17/05/2016,3.45
IRE_MP_7009 ,3,30/01/2016,115,21,24/05/2016,3.41
IRE_MP_7009 ,3,30/01/2016,122,22,31/05/2016,3.65
IRE_MP_7009 ,3,30/01/2016,129,23,07/06/2016,3.48
IRE_MP_7009 ,3,30/01/2016,171,29,19/07/2016,3.66
IRE_MP_7009 ,3,30/01/2016,199,33,16/08/2016,3.62
IRE_MP_7009 ,3,30/01/2016,206,34,23/08/2016,3.63
IRE_MP_7009 ,3,30/01/2016,213,35,30/08/2016,3.62
IRE_MP_7009 ,3,30/01/2016,220,36,06/09/2016,3.62
IRE_MP_7009 ,3,30/01/2016,241,39,27/09/2016,3.58
IRE_MP_7009 ,3,30/01/2016,248,40,04/10/2016,3.47
IRE_MP_7009 ,3,30/01/2016,255,41,11/10/2016,3.74
IRE_MP_7009 ,3,30/01/2016,262,42,18/10/2016,3.61
IRE_MP_7009 ,3,30/01/2016,269,43,25/10/2016,3.70
IRE_MP_7009 ,3,30/01/2016,276,44,01/11/2016,3.81
IRE_MP_7214 ,3,27/02/2016,17,11,15/03/2016,3.06
IRE_MP_7214 ,3,27/02/2016,24,12,22/03/2016,2.91
IRE_MP_7214 ,3,27/02/2016,31,13,29/03/2016,2.81
IRE_MP_7214 ,3,27/02/2016,38,14,05/04/2016,2.79
IRE_MP_7214 ,3,27/02/2016,45,15,12/04/2016,3.09
IRE_MP_7214 ,3,27/02/2016,52,16,19/04/2016,2.99
IRE_MP_7214 ,3,27/02/2016,59,17,26/04/2016,3.13
IRE_MP_7214 ,3,27/02/2016,73,19,10/05/2016,2.82
IRE_MP_7214 ,3,27/02/2016,80,20,17/05/2016,3.09
IRE_MP_7214 ,3,27/02/2016,87,21,24/05/2016,3.12
IRE_MP_7214 ,3,27/02/2016,94,22,31/05/2016,2.94
IRE_MP_7214 ,3,27/02/2016,101,23,07/06/2016,2.86
IRE_MP_7214 ,3,27/02/2016,143,29,19/07/2016,2.93
IRE_MP_7214 ,3,27/02/2016,171,33,16/08/2016,3.03
IRE_MP_7214 ,3,27/02/2016,178,34,23/08/2016,3.06
IRE_MP_7214 ,3,27/02/2016,185,35,30/08/2016,3.04
IRE_MP_7214 ,3,27/02/2016,192,36,06/09/2016,3.03
IRE_MP_7214 ,3,27/02/2016,213,39,27/09/2016,3.16
IRE_MP_7214 ,3,27/02/2016,220,40,04/10/2016,3.19
IRE_MP_7214 ,3,27/02/2016,227,41,11/10/2016,3.21
IRE_MP_7214 ,3,27/02/2016,234,42,18/10/2016,3.32
IRE_MP_7214 ,3,27/02/2016,241,43,25/10/2016,3.14
IRE_MP_8002 ,4,06/02/2016,45,12,22/03/2016,3.26
IRE_MP_8002 ,4,06/02/2016,52,13,29/03/2016,3.26
IRE_MP_8002 ,4,06/02/2016,59,14,05/04/2016,3.34
IRE_MP_8002 ,4,06/02/2016,66,15,12/04/2016,3.40
IRE_MP_8002 ,4,06/02/2016,73,16,19/04/2016,3.30
IRE_MP_8002 ,4,06/02/2016,87,18,03/05/2016,3.36
IRE_MP_8002 ,4,06/02/2016,94,19,10/05/2016,3.54
IRE_MP_8002 ,4,06/02/2016,108,21,24/05/2016,3.41
IRE_MP_8002 ,4,06/02/2016,115,22,31/05/2016,3.37
IRE_MP_8002 ,4,06/02/2016,164,29,19/07/2016,3.52
IRE_MP_8002 ,4,06/02/2016,192,33,16/08/2016,3.30
IRE_MP_8002 ,4,06/02/2016,199,34,23/08/2016,3.34
IRE_MP_8002 ,4,06/02/2016,206,35,30/08/2016,3.42
IRE_MP_8002 ,4,06/02/2016,213,36,06/09/2016,3.38
IRE_MP_8002 ,4,06/02/2016,241,40,04/10/2016,3.26
IRE_MP_8002 ,4,06/02/2016,248,41,11/10/2016,3.44
IRE_MP_8002 ,4,06/02/2016,255,42,18/10/2016,3.34
IRE_MP_8002 ,4,06/02/2016,262,43,25/10/2016,3.45
IRE_MP_8002 ,4,06/02/2016,269,44,01/11/2016,3.58
IRE_MP_8002 ,4,06/02/2016,276,45,08/11/2016,3.53
IRE_MP_8002 ,4,06/02/2016,290,47,22/11/2016,3.46
IRE_MP_8003 ,4,04/02/2016,54,13,29/03/2016,3.30
IRE_MP_8003 ,4,04/02/2016,61,14,05/04/2016,3.48
IRE_MP_8003 ,4,04/02/2016,68,15,12/04/2016,3.33
IRE_MP_8003 ,4,04/02/2016,75,16,19/04/2016,3.44
IRE_MP_8003 ,4,04/02/2016,89,18,03/05/2016,3.70
IRE_MP_8003 ,4,04/02/2016,96,19,10/05/2016,3.66
IRE_MP_8003 ,4,04/02/2016,117,22,31/05/2016,3.41
IRE_MP_8003 ,4,04/02/2016,124,23,07/06/2016,3.51
IRE_MP_8003 ,4,04/02/2016,166,29,19/07/2016,3.38
IRE_MP_8003 ,4,04/02/2016,208,35,30/08/2016,3.52
IRE_MP_8003 ,4,04/02/2016,215,36,06/09/2016,3.50
IRE_MP_8003 ,4,04/02/2016,236,39,27/09/2016,3.69
IRE_MP_8003 ,4,04/02/2016,243,40,04/10/2016,3.48
IRE_MP_8003 ,4,04/02/2016,257,42,18/10/2016,3.53
IRE_MP_8003 ,4,04/02/2016,264,43,25/10/2016,3.53
IRE_MP_8003 ,4,04/02/2016,271,44,01/11/2016,3.47
IRE_MP_8009 ,4,07/02/2016,51,13,29/03/2016,2.76
IRE_MP_8009 ,4,07/02/2016,58,14,05/04/2016,2.74
IRE_MP_8009 ,4,07/02/2016,65,15,12/04/2016,2.77
IRE_MP_8009 ,4,07/02/2016,72,16,19/04/2016,2.76
IRE_MP_8009 ,4,07/02/2016,86,18,03/05/2016,2.80
IRE_MP_8009 ,4,07/02/2016,93,19,10/05/2016,2.90
IRE_MP_8009 ,4,07/02/2016,100,20,17/05/2016,3.00
IRE_MP_8009 ,4,07/02/2016,107,21,24/05/2016,2.95
IRE_MP_8009 ,4,07/02/2016,114,22,31/05/2016,2.82
IRE_MP_8009 ,4,07/02/2016,121,23,07/06/2016,2.94
IRE_MP_8009 ,4,07/02/2016,163,29,19/07/2016,3.03
IRE_MP_8009 ,4,07/02/2016,191,33,16/08/2016,3.13
IRE_MP_8009 ,4,07/02/2016,198,34,23/08/2016,3.05
IRE_MP_8009 ,4,07/02/2016,205,35,30/08/2016,3.10
IRE_MP_8009 ,4,07/02/2016,212,36,06/09/2016,3.13
IRE_MP_8009 ,4,07/02/2016,233,39,27/09/2016,3.09
IRE_MP_8009 ,4,07/02/2016,240,40,04/10/2016,3.07
IRE_MP_8009 ,4,07/02/2016,247,41,11/10/2016,3.10
IRE_MP_8009 ,4,07/02/2016,254,42,18/10/2016,3.10
IRE_MP_8009 ,4,07/02/2016,261,43,25/10/2016,3.14
IRE_MP_8009 ,4,07/02/2016,275,45,08/11/2016,3.12
IRE_MP_8022 ,4,01/02/2016,50,12,22/03/2016,2.94
IRE_MP_8022 ,4,01/02/2016,57,13,29/03/2016,3.14
IRE_MP_8022 ,4,01/02/2016,64,14,05/04/2016,3.10
IRE_MP_8022 ,4,01/02/2016,71,15,12/04/2016,3.07
IRE_MP_8022 ,4,01/02/2016,78,16,19/04/2016,3.18
IRE_MP_8022 ,4,01/02/2016,92,18,03/05/2016,3.42
IRE_MP_8022 ,4,01/02/2016,99,19,10/05/2016,3.37
IRE_MP_8022 ,4,01/02/2016,106,20,17/05/2016,3.59
IRE_MP_8022 ,4,01/02/2016,113,21,24/05/2016,3.62
IRE_MP_8022 ,4,01/02/2016,120,22,31/05/2016,3.57
IRE_MP_8022 ,4,01/02/2016,127,23,07/06/2016,3.65
IRE_MP_8022 ,4,01/02/2016,169,29,19/07/2016,3.58
IRE_MP_8022 ,4,01/02/2016,197,33,16/08/2016,3.75
IRE_MP_8022 ,4,01/02/2016,204,34,23/08/2016,3.61
IRE_MP_8022 ,4,01/02/2016,211,35,30/08/2016,3.54
IRE_MP_8022 ,4,01/02/2016,218,36,06/09/2016,3.62
IRE_MP_8022 ,4,01/02/2016,239,39,27/09/2016,3.68
IRE_MP_8022 ,4,01/02/2016,246,40,04/10/2016,3.62
IRE_MP_8022 ,4,01/02/2016,253,41,11/10/2016,3.56
IRE_MP_8022 ,4,01/02/2016,260,42,18/10/2016,3.63
IRE_MP_8022 ,4,01/02/2016,267,43,25/10/2016,3.66
IRE_MP_8022 ,4,01/02/2016,274,44,01/11/2016,3.64
IRE_MP_8025 ,4,12/02/2016,39,12,22/03/2016,2.66
IRE_MP_8025 ,4,12/02/2016,46,13,29/03/2016,2.54
IRE_MP_8025 ,4,12/02/2016,53,14,05/04/2016,2.61
IRE_MP_8025 ,4,12/02/2016,60,15,12/04/2016,2.63
IRE_MP_8025 ,4,12/02/2016,67,16,19/04/2016,2.48
IRE_MP_8025 ,4,12/02/2016,81,18,03/05/2016,2.43
IRE_MP_8025 ,4,12/02/2016,88,19,10/05/2016,2.65
IRE_MP_8025 ,4,12/02/2016,102,21,24/05/2016,2.71
IRE_MP_8025 ,4,12/02/2016,109,22,31/05/2016,2.82
IRE_MP_8025 ,4,12/02/2016,116,23,07/06/2016,2.79
IRE_MP_8025 ,4,12/02/2016,158,29,19/07/2016,2.62
IRE_MP_8025 ,4,12/02/2016,186,33,16/08/2016,2.86
IRE_MP_8025 ,4,12/02/2016,193,34,23/08/2016,2.70
IRE_MP_8025 ,4,12/02/2016,228,39,27/09/2016,2.56
IRE_MP_8025 ,4,12/02/2016,235,40,04/10/2016,2.66
IRE_MP_8025 ,4,12/02/2016,242,41,11/10/2016,2.62
IRE_MP_8025 ,4,12/02/2016,249,42,18/10/2016,2.62
IRE_MP_8025 ,4,12/02/2016,256,43,25/10/2016,2.62
IRE_MP_8025 ,4,12/02/2016,263,44,01/11/2016,2.74
IRE_MP_8025 ,4,12/02/2016,270,45,08/11/2016,2.74
IRE_MP_8032 ,4,13/02/2016,31,11,15/03/2016,3.48
IRE_MP_8032 ,4,13/02/2016,38,12,22/03/2016,3.46
IRE_MP_8032 ,4,13/02/2016,45,13,29/03/2016,3.44
IRE_MP_8032 ,4,13/02/2016,52,14,05/04/2016,3.42
IRE_MP_8032 ,4,13/02/2016,59,15,12/04/2016,3.38
IRE_MP_8032 ,4,13/02/2016,66,16,19/04/2016,3.53
IRE_MP_8032 ,4,13/02/2016,80,18,03/05/2016,3.44
IRE_MP_8032 ,4,13/02/2016,87,19,10/05/2016,3.47
IRE_MP_8032 ,4,13/02/2016,94,20,17/05/2016,3.32
IRE_MP_8032 ,4,13/02/2016,101,21,24/05/2016,3.36
IRE_MP_8032 ,4,13/02/2016,108,22,31/05/2016,3.34
IRE_MP_8032 ,4,13/02/2016,115,23,07/06/2016,3.27
IRE_MP_8032 ,4,13/02/2016,157,29,19/07/2016,3.33
IRE_MP_8032 ,4,13/02/2016,185,33,16/08/2016,3.08
IRE_MP_8032 ,4,13/02/2016,192,34,23/08/2016,3.08
IRE_MP_8032 ,4,13/02/2016,199,35,30/08/2016,3.18
IRE_MP_8032 ,4,13/02/2016,206,36,06/09/2016,3.02
IRE_MP_8032 ,4,13/02/2016,227,39,27/09/2016,2.93
IRE_MP_8032 ,4,13/02/2016,234,40,04/10/2016,3.02
IRE_MP_8032 ,4,13/02/2016,241,41,11/10/2016,3.13
IRE_MP_8035 ,4,06/02/2016,45,12,22/03/2016,3.27
IRE_MP_8035 ,4,06/02/2016,52,13,29/03/2016,3.17
IRE_MP_8035 ,4,06/02/2016,59,14,05/04/2016,3.15
IRE_MP_8035 ,4,06/02/2016,66,15,12/04/2016,3.32
IRE_MP_8035 ,4,06/02/2016,73,16,19/04/2016,3.29
IRE_MP_8035 ,4,06/02/2016,87,18,03/05/2016,3.30
IRE_MP_8035 ,4,06/02/2016,94,19,10/05/2016,3.38
IRE_MP_8035 ,4,06/02/2016,101,20,17/05/2016,3.38
IRE_MP_8036 ,4,31/01/2016,51,12,22/03/2016,3.28
IRE_MP_8036 ,4,31/01/2016,58,13,29/03/2016,3.37
IRE_MP_8036 ,4,31/01/2016,65,14,05/04/2016,3.37
IRE_MP_8036 ,4,31/01/2016,72,15,12/04/2016,3.28
IRE_MP_8036 ,4,31/01/2016,79,16,19/04/2016,3.38
IRE_MP_8037 ,4,24/01/2016,51,11,15/03/2016,2.26
IRE_MP_8037 ,4,24/01/2016,58,12,22/03/2016,2.40
IRE_MP_8037 ,4,24/01/2016,65,13,29/03/2016,2.20
IRE_MP_8037 ,4,24/01/2016,72,14,05/04/2016,2.41
IRE_MP_8037 ,4,24/01/2016,79,15,12/04/2016,2.38
IRE_MP_8037 ,4,24/01/2016,86,16,19/04/2016,2.46
IRE_MP_8037 ,4,24/01/2016,100,18,03/05/2016,2.61
IRE_MP_8037 ,4,24/01/2016,107,19,10/05/2016,2.58
IRE_MP_8037 ,4,24/01/2016,114,20,17/05/2016,2.76
IRE_MP_8037 ,4,24/01/2016,121,21,24/05/2016,2.52
IRE_MP_8037 ,4,24/01/2016,128,22,31/05/2016,2.74
IRE_MP_8037 ,4,24/01/2016,135,23,07/06/2016,2.52
IRE_MP_8037 ,4,24/01/2016,177,29,19/07/2016,2.97
IRE_MP_8037 ,4,24/01/2016,212,34,23/08/2016,2.87
IRE_MP_8037 ,4,24/01/2016,219,35,30/08/2016,3.02
IRE_MP_8037 ,4,24/01/2016,247,39,27/09/2016,2.78
IRE_MP_8037 ,4,24/01/2016,254,40,04/10/2016,2.85
IRE_MP_8037 ,4,24/01/2016,261,41,11/10/2016,2.86
IRE_MP_8037 ,4,24/01/2016,268,42,18/10/2016,2.94
IRE_MP_8037 ,4,24/01/2016,275,43,25/10/2016,2.96
IRE_MP_8037 ,4,24/01/2016,282,44,01/11/2016,3.06
IRE_MP_8037 ,4,24/01/2016,289,45,08/11/2016,3.05
IRE_MP_8037 ,4,24/01/2016,296,46,15/11/2016,2.97
IRE_MP_8039 ,4,25/01/2016,50,11,15/03/2016,2.86
IRE_MP_8039 ,4,25/01/2016,57,12,22/03/2016,2.85
IRE_MP_8039 ,4,25/01/2016,64,13,29/03/2016,3.03
IRE_MP_8039 ,4,25/01/2016,71,14,05/04/2016,2.92
IRE_MP_8039 ,4,25/01/2016,78,15,12/04/2016,2.98
IRE_MP_8039 ,4,25/01/2016,85,16,19/04/2016,2.91
IRE_MP_8039 ,4,25/01/2016,106,19,10/05/2016,3.08
IRE_MP_8039 ,4,25/01/2016,113,20,17/05/2016,3.12
IRE_MP_8039 ,4,25/01/2016,120,21,24/05/2016,2.95
IRE_MP_8039 ,4,25/01/2016,127,22,31/05/2016,3.14
IRE_MP_8039 ,4,25/01/2016,134,23,07/06/2016,3.01
IRE_MP_8039 ,4,25/01/2016,176,29,19/07/2016,3.14
IRE_MP_8039 ,4,25/01/2016,204,33,16/08/2016,2.82
IRE_MP_8039 ,4,25/01/2016,211,34,23/08/2016,2.89
IRE_MP_8039 ,4,25/01/2016,218,35,30/08/2016,2.91
IRE_MP_8039 ,4,25/01/2016,225,36,06/09/2016,2.90
IRE_MP_8039 ,4,25/01/2016,246,39,27/09/2016,2.91
IRE_MP_8039 ,4,25/01/2016,253,40,04/10/2016,3.09
IRE_MP_8039 ,4,25/01/2016,267,42,18/10/2016,3.05
IRE_MP_8039 ,4,25/01/2016,274,43,25/10/2016,3.01
IRE_MP_8039 ,4,25/01/2016,281,44,01/11/2016,2.99
IRE_MP_8039 ,4,25/01/2016,288,45,08/11/2016,3.14
IRE_MP_8039 ,4,25/01/2016,295,46,15/11/2016,3.14
IRE_MP_8055 ,4,31/01/2016,44,11,15/03/2016,2.58
IRE_MP_8055 ,4,31/01/2016,51,12,22/03/2016,2.55
IRE_MP_8055 ,4,31/01/2016,58,13,29/03/2016,2.78
IRE_MP_8055 ,4,31/01/2016,65,14,05/04/2016,2.82
IRE_MP_8055 ,4,31/01/2016,72,15,12/04/2016,2.83
IRE_MP_8055 ,4,31/01/2016,79,16,19/04/2016,2.87
IRE_MP_8055 ,4,31/01/2016,93,18,03/05/2016,2.92
IRE_MP_8055 ,4,31/01/2016,100,19,10/05/2016,3.18
IRE_MP_8055 ,4,31/01/2016,107,20,17/05/2016,3.20
IRE_MP_8055 ,4,31/01/2016,114,21,24/05/2016,3.26
IRE_MP_8055 ,4,31/01/2016,121,22,31/05/2016,3.16
IRE_MP_8055 ,4,31/01/2016,128,23,07/06/2016,3.11
IRE_MP_8055 ,4,31/01/2016,170,29,19/07/2016,3.07
IRE_MP_8055 ,4,31/01/2016,198,33,16/08/2016,3.14
IRE_MP_8055 ,4,31/01/2016,205,34,23/08/2016,3.10
IRE_MP_8055 ,4,31/01/2016,212,35,30/08/2016,3.12
IRE_MP_8055 ,4,31/01/2016,247,40,04/10/2016,3.21
IRE_MP_8055 ,4,31/01/2016,254,41,11/10/2016,3.13
IRE_MP_8055 ,4,31/01/2016,261,42,18/10/2016,3.12
IRE_MP_8055 ,4,31/01/2016,268,43,25/10/2016,3.12
IRE_MP_8055 ,4,31/01/2016,275,44,01/11/2016,3.17
IRE_MP_8055 ,4,31/01/2016,282,45,08/11/2016,3.18
IRE_MP_8056 ,4,25/02/2016,19,11,15/03/2016,3.26
IRE_MP_8056 ,4,25/02/2016,26,12,22/03/2016,3.09
IRE_MP_8056 ,4,25/02/2016,33,13,29/03/2016,3.40
IRE_MP_8056 ,4,25/02/2016,40,14,05/04/2016,3.46
IRE_MP_8056 ,4,25/02/2016,47,15,12/04/2016,3.41
IRE_MP_8056 ,4,25/02/2016,54,16,19/04/2016,3.41
IRE_MP_8056 ,4,25/02/2016,68,18,03/05/2016,3.42
IRE_MP_8056 ,4,25/02/2016,75,19,10/05/2016,3.57
IRE_MP_8056 ,4,25/02/2016,82,20,17/05/2016,3.58
IRE_MP_8056 ,4,25/02/2016,89,21,24/05/2016,3.62
IRE_MP_8056 ,4,25/02/2016,96,22,31/05/2016,3.69
IRE_MP_8056 ,4,25/02/2016,103,23,07/06/2016,3.57
IRE_MP_8056 ,4,25/02/2016,145,29,19/07/2016,3.54
IRE_MP_8056 ,4,25/02/2016,173,33,16/08/2016,3.50
IRE_MP_8056 ,4,25/02/2016,180,34,23/08/2016,3.53
IRE_MP_8056 ,4,25/02/2016,187,35,30/08/2016,3.56
IRE_MP_8056 ,4,25/02/2016,194,36,06/09/2016,3.55
IRE_MP_8056 ,4,25/02/2016,215,39,27/09/2016,3.48
IRE_MP_8056 ,4,25/02/2016,222,40,04/10/2016,3.56
IRE_MP_8056 ,4,25/02/2016,229,41,11/10/2016,3.65
IRE_MP_8056 ,4,25/02/2016,236,42,18/10/2016,3.56
IRE_MP_8056 ,4,25/02/2016,243,43,25/10/2016,3.65
IRE_MP_8056 ,4,25/02/2016,250,44,01/11/2016,3.63
IRE_MP_8056 ,4,25/02/2016,257,45,08/11/2016,3.65
IRE_MP_8056 ,4,25/02/2016,264,46,15/11/2016,3.76
IRE_MP_8056 ,4,25/02/2016,271,47,22/11/2016,3.82
IRE_MP_8088 ,4,05/02/2016,46,12,22/03/2016,3.59
IRE_MP_8088 ,4,05/02/2016,53,13,29/03/2016,3.58
IRE_MP_8088 ,4,05/02/2016,60,14,05/04/2016,3.62
IRE_MP_8088 ,4,05/02/2016,67,15,12/04/2016,3.49
IRE_MP_8088 ,4,05/02/2016,74,16,19/04/2016,3.60
IRE_MP_8088 ,4,05/02/2016,95,19,10/05/2016,3.82
IRE_MP_8088 ,4,05/02/2016,116,22,31/05/2016,3.84
IRE_MP_8088 ,4,05/02/2016,123,23,07/06/2016,3.82
IRE_MP_8088 ,4,05/02/2016,165,29,19/07/2016,3.77
IRE_MP_8088 ,4,05/02/2016,193,33,16/08/2016,3.77
IRE_MP_8088 ,4,05/02/2016,200,34,23/08/2016,3.69
IRE_MP_8088 ,4,05/02/2016,207,35,30/08/2016,3.74
IRE_MP_8088 ,4,05/02/2016,214,36,06/09/2016,3.72
IRE_MP_8088 ,4,05/02/2016,235,39,27/09/2016,3.67
IRE_MP_8088 ,4,05/02/2016,242,40,04/10/2016,3.67
IRE_MP_8088 ,4,05/02/2016,249,41,11/10/2016,3.64
IRE_MP_8088 ,4,05/02/2016,256,42,18/10/2016,3.74
IRE_MP_8088 ,4,05/02/2016,263,43,25/10/2016,3.75
IRE_MP_8099 ,4,02/02/2016,56,13,29/03/2016,3.26
IRE_MP_8099 ,4,02/02/2016,63,14,05/04/2016,3.16
IRE_MP_8099 ,4,02/02/2016,70,15,12/04/2016,3.10
IRE_MP_8099 ,4,02/02/2016,77,16,19/04/2016,3.17
IRE_MP_8099 ,4,02/02/2016,91,18,03/05/2016,3.03
IRE_MP_8099 ,4,02/02/2016,98,19,10/05/2016,2.94
IRE_MP_8099 ,4,02/02/2016,105,20,17/05/2016,3.09
IRE_MP_8099 ,4,02/02/2016,112,21,24/05/2016,3.00
IRE_MP_8099 ,4,02/02/2016,119,22,31/05/2016,2.88
IRE_MP_8099 ,4,02/02/2016,126,23,07/06/2016,2.85
IRE_MP_8099 ,4,02/02/2016,168,29,19/07/2016,2.78
IRE_MP_8099 ,4,02/02/2016,196,33,16/08/2016,2.95
IRE_MP_8099 ,4,02/02/2016,210,35,30/08/2016,2.90
IRE_MP_8099 ,4,02/02/2016,217,36,06/09/2016,3.00
IRE_MP_8099 ,4,02/02/2016,238,39,27/09/2016,3.05
IRE_MP_8100 ,4,10/02/2016,48,13,29/03/2016,3.52
IRE_MP_8100 ,4,10/02/2016,55,14,05/04/2016,3.45
IRE_MP_8100 ,4,10/02/2016,62,15,12/04/2016,3.38
IRE_MP_8100 ,4,10/02/2016,69,16,19/04/2016,3.46
IRE_MP_8100 ,4,10/02/2016,83,18,03/05/2016,3.44
IRE_MP_8100 ,4,10/02/2016,90,19,10/05/2016,3.45
IRE_MP_8100 ,4,10/02/2016,97,20,17/05/2016,3.54
IRE_MP_8100 ,4,10/02/2016,104,21,24/05/2016,3.53
IRE_MP_8100 ,4,10/02/2016,111,22,31/05/2016,3.53
IRE_MP_8100 ,4,10/02/2016,118,23,07/06/2016,3.51
IRE_MP_8100 ,4,10/02/2016,160,29,19/07/2016,3.40
IRE_MP_8100 ,4,10/02/2016,188,33,16/08/2016,3.38
IRE_MP_8100 ,4,10/02/2016,195,34,23/08/2016,3.39
IRE_MP_8100 ,4,10/02/2016,202,35,30/08/2016,3.38
IRE_MP_8100 ,4,10/02/2016,209,36,06/09/2016,3.45
IRE_MP_8100 ,4,10/02/2016,230,39,27/09/2016,3.39
IRE_MP_8100 ,4,10/02/2016,237,40,04/10/2016,3.50
IRE_MP_8100 ,4,10/02/2016,244,41,11/10/2016,3.78
IRE_MP_8100 ,4,10/02/2016,251,42,18/10/2016,3.50
IRE_MP_8100 ,4,10/02/2016,258,43,25/10/2016,3.66
IRE_MP_8100 ,4,10/02/2016,265,44,01/11/2016,3.66
IRE_MP_8100 ,4,10/02/2016,272,45,08/11/2016,3.69
IRE_MP_8100 ,4,10/02/2016,279,46,15/11/2016,3.77
IRE_MP_8100 ,4,10/02/2016,286,47,22/11/2016,3.62
IRE_MP_8105 ,4,25/02/2016,26,12,22/03/2016,3.85
IRE_MP_8105 ,4,25/02/2016,33,13,29/03/2016,3.80
IRE_MP_8105 ,4,25/02/2016,40,14,05/04/2016,3.87
IRE_MP_8105 ,4,25/02/2016,47,15,12/04/2016,3.82
IRE_MP_8105 ,4,25/02/2016,54,16,19/04/2016,3.84
IRE_MP_8105 ,4,25/02/2016,68,18,03/05/2016,3.84
IRE_MP_8105 ,4,25/02/2016,75,19,10/05/2016,3.82
IRE_MP_8105 ,4,25/02/2016,82,20,17/05/2016,3.97
IRE_MP_8105 ,4,25/02/2016,89,21,24/05/2016,3.71
IRE_MP_8105 ,4,25/02/2016,96,22,31/05/2016,3.84
IRE_MP_8105 ,4,25/02/2016,103,23,07/06/2016,3.80
IRE_MP_8105 ,4,25/02/2016,145,29,19/07/2016,3.76
IRE_MP_8105 ,4,25/02/2016,173,33,16/08/2016,3.66
IRE_MP_8105 ,4,25/02/2016,180,34,23/08/2016,3.52
IRE_MP_8105 ,4,25/02/2016,187,35,30/08/2016,3.64
IRE_MP_8105 ,4,25/02/2016,194,36,06/09/2016,3.66
IRE_MP_8105 ,4,25/02/2016,215,39,27/09/2016,3.62
IRE_MP_8105 ,4,25/02/2016,222,40,04/10/2016,3.67
IRE_MP_8105 ,4,25/02/2016,229,41,11/10/2016,3.56
IRE_MP_8105 ,4,25/02/2016,236,42,18/10/2016,3.69
IRE_MP_8105 ,4,25/02/2016,243,43,25/10/2016,3.63
IRE_MP_8105 ,4,25/02/2016,250,44,01/11/2016,3.70
IRE_MP_8105 ,4,25/02/2016,264,46,15/11/2016,3.66
IRE_MP_8115 ,4,27/01/2016,48,11,15/03/2016,3.70
IRE_MP_8115 ,4,27/01/2016,62,13,29/03/2016,3.74
IRE_MP_8115 ,4,27/01/2016,69,14,05/04/2016,3.71
IRE_MP_8115 ,4,27/01/2016,76,15,12/04/2016,3.70
IRE_MP_8115 ,4,27/01/2016,83,16,19/04/2016,3.83
IRE_MP_8115 ,4,27/01/2016,97,18,03/05/2016,3.71
IRE_MP_8115 ,4,27/01/2016,104,19,10/05/2016,3.82
IRE_MP_8115 ,4,27/01/2016,118,21,24/05/2016,3.96
IRE_MP_8115 ,4,27/01/2016,125,22,31/05/2016,3.94
IRE_MP_8115 ,4,27/01/2016,132,23,07/06/2016,3.82
IRE_MP_8115 ,4,27/01/2016,174,29,19/07/2016,3.79
IRE_MP_8120 ,4,30/01/2016,59,13,29/03/2016,3.70
IRE_MP_8120 ,4,30/01/2016,66,14,05/04/2016,3.82
IRE_MP_8120 ,4,30/01/2016,73,15,12/04/2016,3.74
IRE_MP_8120 ,4,30/01/2016,80,16,19/04/2016,3.75
IRE_MP_8120 ,4,30/01/2016,101,19,10/05/2016,3.69
IRE_MP_8301 ,4,27/01/2016,48,11,15/03/2016,3.43
IRE_MP_8301 ,4,27/01/2016,55,12,22/03/2016,3.39
IRE_MP_8301 ,4,27/01/2016,62,13,29/03/2016,3.38
IRE_MP_8301 ,4,27/01/2016,69,14,05/04/2016,3.48
IRE_MP_8301 ,4,27/01/2016,76,15,12/04/2016,3.47
IRE_MP_8301 ,4,27/01/2016,83,16,19/04/2016,3.38
IRE_MP_8301 ,4,27/01/2016,104,19,10/05/2016,3.34
IRE_MP_8301 ,4,27/01/2016,111,20,17/05/2016,3.50
IRE_MP_8301 ,4,27/01/2016,118,21,24/05/2016,3.52
IRE_MP_8301 ,4,27/01/2016,125,22,31/05/2016,3.50
IRE_MP_8301 ,4,27/01/2016,132,23,07/06/2016,3.41
IRE_MP_8301 ,4,27/01/2016,174,29,19/07/2016,3.54
IRE_MP_8301 ,4,27/01/2016,202,33,16/08/2016,3.54
IRE_MP_8301 ,4,27/01/2016,209,34,23/08/2016,3.50
IRE_MP_8301 ,4,27/01/2016,216,35,30/08/2016,3.54
IRE_MP_8301 ,4,27/01/2016,223,36,06/09/2016,3.53
IRE_MP_8301 ,4,27/01/2016,244,39,27/09/2016,3.68
IRE_MP_8301 ,4,27/01/2016,251,40,04/10/2016,3.56
IRE_MP_8301 ,4,27/01/2016,265,42,18/10/2016,3.61
IRE_MP_8301 ,4,27/01/2016,272,43,25/10/2016,3.67
IRE_MP_8301 ,4,27/01/2016,279,44,01/11/2016,3.60
IRE_MP_8308 ,4,30/01/2016,73,15,12/04/2016,2.86
IRE_MP_8308 ,4,30/01/2016,80,16,19/04/2016,2.98
IRE_MP_8308 ,4,30/01/2016,101,19,10/05/2016,3.05
IRE_MP_8308 ,4,30/01/2016,108,20,17/05/2016,3.08
IRE_MP_8308 ,4,30/01/2016,115,21,24/05/2016,3.05
IRE_MP_8308 ,4,30/01/2016,122,22,31/05/2016,3.17
IRE_MP_8308 ,4,30/01/2016,129,23,07/06/2016,3.06
IRE_MP_8308 ,4,30/01/2016,171,29,19/07/2016,2.94
IRE_MP_8308 ,4,30/01/2016,206,34,23/08/2016,3.23
IRE_MP_8308 ,4,30/01/2016,213,35,30/08/2016,3.25
IRE_MP_8308 ,4,30/01/2016,220,36,06/09/2016,3.14
IRE_MP_8308 ,4,30/01/2016,241,39,27/09/2016,3.14
IRE_MP_8308 ,4,30/01/2016,248,40,04/10/2016,3.26
IRE_MP_8308 ,4,30/01/2016,255,41,11/10/2016,3.19
IRE_MP_8308 ,4,30/01/2016,262,42,18/10/2016,3.11
IRE_MP_8308 ,4,30/01/2016,269,43,25/10/2016,3.31
IRE_MP_8308 ,4,30/01/2016,276,44,01/11/2016,3.21
IRE_MP_8308 ,4,30/01/2016,283,45,08/11/2016,3.11
IRE_MP_8308 ,4,30/01/2016,290,46,15/11/2016,3.30
IRE_MP_8329 ,4,02/02/2016,56,13,29/03/2016,3.44
IRE_MP_8329 ,4,02/02/2016,63,14,05/04/2016,3.34
IRE_MP_8329 ,4,02/02/2016,70,15,12/04/2016,3.44
IRE_MP_8329 ,4,02/02/2016,77,16,19/04/2016,3.53
IRE_MP_8329 ,4,02/02/2016,91,18,03/05/2016,3.43
IRE_MP_8329 ,4,02/02/2016,98,19,10/05/2016,3.61
IRE_MP_8329 ,4,02/02/2016,105,20,17/05/2016,3.71
IRE_MP_8329 ,4,02/02/2016,112,21,24/05/2016,3.62
IRE_MP_8329 ,4,02/02/2016,119,22,31/05/2016,3.53
IRE_MP_8329 ,4,02/02/2016,126,23,07/06/2016,3.53
IRE_MP_8329 ,4,02/02/2016,168,29,19/07/2016,3.56
IRE_MP_8329 ,4,02/02/2016,196,33,16/08/2016,3.49
IRE_MP_8329 ,4,02/02/2016,210,35,30/08/2016,3.38
IRE_MP_8329 ,4,02/02/2016,217,36,06/09/2016,3.49
IRE_MP_8329 ,4,02/02/2016,238,39,27/09/2016,3.50
IRE_MP_8329 ,4,02/02/2016,245,40,04/10/2016,3.49
IRE_MP_8329 ,4,02/02/2016,252,41,11/10/2016,3.47
IRE_MP_8329 ,4,02/02/2016,259,42,18/10/2016,3.56
IRE_MP_8329 ,4,02/02/2016,266,43,25/10/2016,3.61
IRE_MP_8329 ,4,02/02/2016,273,44,01/11/2016,3.54
IRE_MP_8329 ,4,02/02/2016,280,45,08/11/2016,3.54
IRE_MP_8329 ,4,02/02/2016,287,46,15/11/2016,3.50
IRE_MP_8500 ,3,24/01/2016,58,12,22/03/2016,3.43
IRE_MP_8500 ,3,24/01/2016,65,13,29/03/2016,3.31
IRE_MP_8500 ,3,24/01/2016,72,14,05/04/2016,3.41
IRE_MP_8500 ,3,24/01/2016,79,15,12/04/2016,3.25
IRE_MP_8500 ,3,24/01/2016,86,16,19/04/2016,3.43
IRE_MP_8500 ,3,24/01/2016,100,18,03/05/2016,3.58
IRE_MP_8500 ,3,24/01/2016,107,19,10/05/2016,3.56
IRE_MP_8500 ,3,24/01/2016,121,21,24/05/2016,3.58
IRE_MP_8500 ,3,24/01/2016,128,22,31/05/2016,3.67
IRE_MP_8500 ,3,24/01/2016,135,23,07/06/2016,3.50
IRE_MP_8500 ,3,24/01/2016,177,29,19/07/2016,3.38
IRE_MP_8500 ,3,24/01/2016,205,33,16/08/2016,3.43
IRE_MP_8500 ,3,24/01/2016,212,34,23/08/2016,3.54
IRE_MP_8500 ,3,24/01/2016,219,35,30/08/2016,3.53
IRE_MP_8500 ,3,24/01/2016,226,36,06/09/2016,3.59
IRE_MP_8500 ,3,24/01/2016,247,39,27/09/2016,3.53
IRE_MP_8500 ,3,24/01/2016,254,40,04/10/2016,3.62
IRE_MP_8500 ,3,24/01/2016,261,41,11/10/2016,3.58
IRE_MP_8500 ,3,24/01/2016,268,42,18/10/2016,3.69
IRE_MP_8500 ,3,24/01/2016,275,43,25/10/2016,3.56
IRE_MP_8500 ,3,24/01/2016,282,44,01/11/2016,3.55
IRE_MP_8503 ,3,01/02/2016,50,12,22/03/2016,3.20
IRE_MP_8503 ,3,01/02/2016,57,13,29/03/2016,3.54
IRE_MP_8503 ,3,01/02/2016,64,14,05/04/2016,3.42
IRE_MP_8503 ,3,01/02/2016,71,15,12/04/2016,3.33
IRE_MP_8503 ,3,01/02/2016,78,16,19/04/2016,3.69
IRE_MP_8503 ,3,01/02/2016,92,18,03/05/2016,3.68
IRE_MP_8503 ,3,01/02/2016,99,19,10/05/2016,3.70
IRE_MP_8503 ,3,01/02/2016,106,20,17/05/2016,3.70
IRE_MP_8503 ,3,01/02/2016,113,21,24/05/2016,3.54
IRE_MP_8503 ,3,01/02/2016,120,22,31/05/2016,3.58
IRE_MP_8503 ,3,01/02/2016,127,23,07/06/2016,3.44
IRE_MP_8511 ,3,04/02/2016,40,11,15/03/2016,3.23
IRE_MP_8511 ,3,04/02/2016,47,12,22/03/2016,3.15
IRE_MP_8511 ,3,04/02/2016,54,13,29/03/2016,3.28
IRE_MP_8511 ,3,04/02/2016,61,14,05/04/2016,3.12
IRE_MP_8511 ,3,04/02/2016,68,15,12/04/2016,3.29
IRE_MP_8511 ,3,04/02/2016,75,16,19/04/2016,3.38
IRE_MP_8511 ,3,04/02/2016,89,18,03/05/2016,3.42
IRE_MP_8511 ,3,04/02/2016,96,19,10/05/2016,3.26
IRE_MP_8511 ,3,04/02/2016,103,20,17/05/2016,3.48
IRE_MP_8511 ,3,04/02/2016,110,21,24/05/2016,3.52
IRE_MP_8511 ,3,04/02/2016,117,22,31/05/2016,3.26
IRE_MP_8511 ,3,04/02/2016,124,23,07/06/2016,3.42
IRE_MP_8511 ,3,04/02/2016,166,29,19/07/2016,3.54
IRE_MP_8511 ,3,04/02/2016,194,33,16/08/2016,3.52
IRE_MP_8511 ,3,04/02/2016,201,34,23/08/2016,3.66
IRE_MP_8511 ,3,04/02/2016,208,35,30/08/2016,3.60
IRE_MP_8511 ,3,04/02/2016,215,36,06/09/2016,3.54
IRE_MP_8511 ,3,04/02/2016,243,40,04/10/2016,3.63
IRE_MP_8511 ,3,04/02/2016,250,41,11/10/2016,3.64
IRE_MP_8511 ,3,04/02/2016,257,42,18/10/2016,3.58
IRE_MP_8511 ,3,04/02/2016,264,43,25/10/2016,3.62
IRE_MP_8511 ,3,04/02/2016,271,44,01/11/2016,3.59
IRE_MP_8511 ,3,04/02/2016,278,45,08/11/2016,3.62
IRE_MP_8511 ,3,04/02/2016,285,46,15/11/2016,3.71
IRE_MP_8515 ,3,18/02/2016,33,12,22/03/2016,3.91
IRE_MP_8515 ,3,18/02/2016,40,13,29/03/2016,3.98
IRE_MP_8515 ,3,18/02/2016,47,14,05/04/2016,3.96
IRE_MP_8515 ,3,18/02/2016,54,15,12/04/2016,3.98
IRE_MP_8515 ,3,18/02/2016,61,16,19/04/2016,3.82
IRE_MP_8515 ,3,18/02/2016,82,19,10/05/2016,3.86
IRE_MP_8515 ,3,18/02/2016,110,23,07/06/2016,4.18
IRE_MP_8515 ,3,18/02/2016,152,29,19/07/2016,4.01
IRE_MP_8515 ,3,18/02/2016,180,33,16/08/2016,3.88
IRE_MP_8515 ,3,18/02/2016,187,34,23/08/2016,3.98
IRE_MP_8515 ,3,18/02/2016,194,35,30/08/2016,4.01
IRE_MP_8515 ,3,18/02/2016,229,40,04/10/2016,3.93
IRE_MP_8515 ,3,18/02/2016,243,42,18/10/2016,4.03
IRE_MP_8515 ,3,18/02/2016,250,43,25/10/2016,4.02
IRE_MP_8515 ,3,18/02/2016,257,44,01/11/2016,3.96
IRE_MP_8515 ,3,18/02/2016,264,45,08/11/2016,4.17
IRE_MP_8515 ,3,18/02/2016,278,47,22/11/2016,4.18
IRE_MP_8515 ,3,18/02/2016,285,48,29/11/2016,4.10
IRE_MP_8518 ,3,01/02/2016,57,13,29/03/2016,3.13
IRE_MP_8518 ,3,01/02/2016,64,14,05/04/2016,3.22
IRE_MP_8518 ,3,01/02/2016,71,15,12/04/2016,3.20
IRE_MP_8518 ,3,01/02/2016,78,16,19/04/2016,3.28
IRE_MP_8518 ,3,01/02/2016,92,18,03/05/2016,3.28
IRE_MP_8518 ,3,01/02/2016,99,19,10/05/2016,3.39
IRE_MP_8518 ,3,01/02/2016,120,22,31/05/2016,3.20
IRE_MP_8518 ,3,01/02/2016,127,23,07/06/2016,3.30
IRE_MP_8518 ,3,01/02/2016,169,29,19/07/2016,3.50
IRE_MP_8518 ,3,01/02/2016,197,33,16/08/2016,3.40
IRE_MP_8518 ,3,01/02/2016,204,34,23/08/2016,3.42
IRE_MP_8518 ,3,01/02/2016,211,35,30/08/2016,3.25
IRE_MP_8518 ,3,01/02/2016,218,36,06/09/2016,3.36
IRE_MP_8518 ,3,01/02/2016,239,39,27/09/2016,3.27
IRE_MP_8518 ,3,01/02/2016,246,40,04/10/2016,3.51
IRE_MP_8518 ,3,01/02/2016,253,41,11/10/2016,3.55
IRE_MP_8518 ,3,01/02/2016,260,42,18/10/2016,3.53
IRE_MP_8518 ,3,01/02/2016,267,43,25/10/2016,3.39
IRE_MP_8518 ,3,01/02/2016,274,44,01/11/2016,3.43
IRE_MP_8518 ,3,01/02/2016,281,45,08/11/2016,3.50
IRE_MP_8518 ,3,01/02/2016,288,46,15/11/2016,3.54
IRE_MP_8520 ,3,09/02/2016,42,12,22/03/2016,3.50
IRE_MP_8520 ,3,09/02/2016,49,13,29/03/2016,3.42
IRE_MP_8520 ,3,09/02/2016,56,14,05/04/2016,3.54
IRE_MP_8520 ,3,09/02/2016,63,15,12/04/2016,3.46
IRE_MP_8520 ,3,09/02/2016,70,16,19/04/2016,3.33
IRE_MP_8520 ,3,09/02/2016,84,18,03/05/2016,3.75
IRE_MP_8520 ,3,09/02/2016,91,19,10/05/2016,3.49
IRE_MP_8520 ,3,09/02/2016,98,20,17/05/2016,3.72
IRE_MP_8520 ,3,09/02/2016,105,21,24/05/2016,3.63
IRE_MP_8520 ,3,09/02/2016,112,22,31/05/2016,3.74
IRE_MP_8520 ,3,09/02/2016,119,23,07/06/2016,3.59
IRE_MP_8520 ,3,09/02/2016,161,29,19/07/2016,3.57
IRE_MP_8520 ,3,09/02/2016,189,33,16/08/2016,3.60
IRE_MP_8520 ,3,09/02/2016,196,34,23/08/2016,3.74
IRE_MP_8520 ,3,09/02/2016,203,35,30/08/2016,3.74
IRE_MP_8520 ,3,09/02/2016,210,36,06/09/2016,3.68
IRE_MP_8520 ,3,09/02/2016,224,38,20/09/2016,3.73
IRE_MP_8520 ,3,09/02/2016,231,39,27/09/2016,3.66
IRE_MP_8520 ,3,09/02/2016,238,40,04/10/2016,3.50
IRE_MP_8520 ,3,09/02/2016,245,41,11/10/2016,3.69
IRE_MP_8520 ,3,09/02/2016,252,42,18/10/2016,3.70
IRE_MP_8520 ,3,09/02/2016,259,43,25/10/2016,3.73
IRE_MP_8520 ,3,09/02/2016,266,44,01/11/2016,3.70
IRE_MP_8520 ,3,09/02/2016,280,46,15/11/2016,3.75
IRE_MP_8524 ,3,15/02/2016,36,12,22/03/2016,3.65
IRE_MP_8524 ,3,15/02/2016,43,13,29/03/2016,3.47
IRE_MP_8524 ,3,15/02/2016,50,14,05/04/2016,3.50
IRE_MP_8524 ,3,15/02/2016,57,15,12/04/2016,3.53
IRE_MP_8524 ,3,15/02/2016,64,16,19/04/2016,3.51
IRE_MP_8524 ,3,15/02/2016,78,18,03/05/2016,3.48
IRE_MP_8524 ,3,15/02/2016,85,19,10/05/2016,3.58
IRE_MP_8524 ,3,15/02/2016,92,20,17/05/2016,3.59
IRE_MP_8524 ,3,15/02/2016,99,21,24/05/2016,3.77
IRE_MP_8524 ,3,15/02/2016,106,22,31/05/2016,3.64
IRE_MP_8524 ,3,15/02/2016,113,23,07/06/2016,3.73
IRE_MP_8524 ,3,15/02/2016,155,29,19/07/2016,3.53
IRE_MP_8524 ,3,15/02/2016,183,33,16/08/2016,3.45
IRE_MP_8524 ,3,15/02/2016,190,34,23/08/2016,3.63
IRE_MP_8524 ,3,15/02/2016,197,35,30/08/2016,3.57
IRE_MP_8524 ,3,15/02/2016,204,36,06/09/2016,3.51
IRE_MP_8524 ,3,15/02/2016,225,39,27/09/2016,3.56
IRE_MP_8524 ,3,15/02/2016,232,40,04/10/2016,3.54
IRE_MP_8524 ,3,15/02/2016,239,41,11/10/2016,3.55
IRE_MP_8524 ,3,15/02/2016,246,42,18/10/2016,3.54
IRE_MP_8524 ,3,15/02/2016,253,43,25/10/2016,3.56
IRE_MP_8524 ,3,15/02/2016,260,44,01/11/2016,3.58
IRE_MP_8524 ,3,15/02/2016,267,45,08/11/2016,3.62
IRE_MP_8524 ,3,15/02/2016,274,46,15/11/2016,3.62
IRE_MP_8532 ,3,08/02/2016,43,12,22/03/2016,3.78
IRE_MP_8532 ,3,08/02/2016,50,13,29/03/2016,3.71
IRE_MP_8532 ,3,08/02/2016,57,14,05/04/2016,3.76
IRE_MP_8532 ,3,08/02/2016,64,15,12/04/2016,3.86
IRE_MP_8532 ,3,08/02/2016,71,16,19/04/2016,3.71
IRE_MP_8532 ,3,08/02/2016,92,19,10/05/2016,3.84
IRE_MP_8532 ,3,08/02/2016,99,20,17/05/2016,3.74
IRE_MP_8532 ,3,08/02/2016,113,22,31/05/2016,3.89
IRE_MP_8532 ,3,08/02/2016,120,23,07/06/2016,3.91
IRE_MP_8532 ,3,08/02/2016,162,29,19/07/2016,3.90
IRE_MP_8532 ,3,08/02/2016,190,33,16/08/2016,3.93
IRE_MP_8532 ,3,08/02/2016,197,34,23/08/2016,3.94
IRE_MP_8532 ,3,08/02/2016,204,35,30/08/2016,3.94
IRE_MP_8532 ,3,08/02/2016,211,36,06/09/2016,3.80
IRE_MP_8532 ,3,08/02/2016,232,39,27/09/2016,3.80
IRE_MP_8532 ,3,08/02/2016,239,40,04/10/2016,3.86
IRE_MP_8532 ,3,08/02/2016,246,41,11/10/2016,3.80
IRE_MP_8532 ,3,08/02/2016,253,42,18/10/2016,3.85
IRE_MP_8532 ,3,08/02/2016,260,43,25/10/2016,3.91
IRE_MP_8532 ,3,08/02/2016,267,44,01/11/2016,3.82
IRE_MP_8533 ,3,08/02/2016,43,12,22/03/2016,2.93
IRE_MP_8533 ,3,08/02/2016,50,13,29/03/2016,3.02
IRE_MP_8533 ,3,08/02/2016,57,14,05/04/2016,2.94
IRE_MP_8533 ,3,08/02/2016,64,15,12/04/2016,3.00
IRE_MP_8533 ,3,08/02/2016,71,16,19/04/2016,2.94
IRE_MP_8533 ,3,08/02/2016,85,18,03/05/2016,3.22
IRE_MP_8533 ,3,08/02/2016,92,19,10/05/2016,3.04
IRE_MP_8533 ,3,08/02/2016,99,20,17/05/2016,3.18
IRE_MP_8533 ,3,08/02/2016,106,21,24/05/2016,3.18
IRE_MP_8533 ,3,08/02/2016,113,22,31/05/2016,3.22
IRE_MP_8533 ,3,08/02/2016,120,23,07/06/2016,3.18
IRE_MP_8533 ,3,08/02/2016,162,29,19/07/2016,3.08
IRE_MP_8533 ,3,08/02/2016,190,33,16/08/2016,3.07
IRE_MP_8533 ,3,08/02/2016,197,34,23/08/2016,3.10
IRE_MP_8533 ,3,08/02/2016,204,35,30/08/2016,3.13
IRE_MP_8533 ,3,08/02/2016,211,36,06/09/2016,3.06
IRE_MP_8533 ,3,08/02/2016,232,39,27/09/2016,3.10
IRE_MP_8533 ,3,08/02/2016,239,40,04/10/2016,3.19
IRE_MP_8533 ,3,08/02/2016,246,41,11/10/2016,3.14
IRE_MP_8533 ,3,08/02/2016,253,42,18/10/2016,3.26
IRE_MP_8533 ,3,08/02/2016,260,43,25/10/2016,3.21
IRE_MP_8533 ,3,08/02/2016,267,44,01/11/2016,3.22
IRE_MP_8533 ,3,08/02/2016,274,45,08/11/2016,3.31
IRE_MP_8534 ,3,12/02/2016,39,12,22/03/2016,3.14
IRE_MP_8534 ,3,12/02/2016,46,13,29/03/2016,3.03
IRE_MP_8534 ,3,12/02/2016,53,14,05/04/2016,3.06
IRE_MP_8534 ,3,12/02/2016,60,15,12/04/2016,3.01
IRE_MP_8534 ,3,12/02/2016,67,16,19/04/2016,3.02
IRE_MP_8534 ,3,12/02/2016,81,18,03/05/2016,3.14
IRE_MP_8534 ,3,12/02/2016,88,19,10/05/2016,3.04
IRE_MP_8534 ,3,12/02/2016,95,20,17/05/2016,3.05
IRE_MP_8534 ,3,12/02/2016,109,22,31/05/2016,3.22
IRE_MP_8534 ,3,12/02/2016,116,23,07/06/2016,3.24
IRE_MP_8534 ,3,12/02/2016,158,29,19/07/2016,3.05
IRE_MP_8534 ,3,12/02/2016,186,33,16/08/2016,3.38
IRE_MP_8534 ,3,12/02/2016,200,35,30/08/2016,3.56
IRE_MP_8534 ,3,12/02/2016,207,36,06/09/2016,3.56
IRE_MP_8534 ,3,12/02/2016,228,39,27/09/2016,3.44
IRE_MP_8534 ,3,12/02/2016,235,40,04/10/2016,3.42
IRE_MP_8628 ,3,01/03/2016,21,12,22/03/2016,2.76
IRE_MP_8628 ,3,01/03/2016,28,13,29/03/2016,2.77
IRE_MP_8628 ,3,01/03/2016,35,14,05/04/2016,2.74
IRE_MP_8628 ,3,01/03/2016,42,15,12/04/2016,2.72
IRE_MP_8628 ,3,01/03/2016,49,16,19/04/2016,2.77
IRE_MP_8628 ,3,01/03/2016,63,18,03/05/2016,2.66
IRE_MP_8628 ,3,01/03/2016,70,19,10/05/2016,2.58
IRE_MP_8628 ,3,01/03/2016,77,20,17/05/2016,2.94
IRE_MP_8628 ,3,01/03/2016,91,22,31/05/2016,2.88
IRE_MP_8628 ,3,01/03/2016,98,23,07/06/2016,2.88
IRE_MP_8628 ,3,01/03/2016,140,29,19/07/2016,2.74
IRE_MP_8628 ,3,01/03/2016,168,33,16/08/2016,2.94
IRE_MP_8628 ,3,01/03/2016,175,34,23/08/2016,2.87
IRE_MP_8628 ,3,01/03/2016,182,35,30/08/2016,2.85
IRE_MP_8628 ,3,01/03/2016,189,36,06/09/2016,3.00
IRE_MP_8628 ,3,01/03/2016,210,39,27/09/2016,2.87
IRE_MP_8628 ,3,01/03/2016,217,40,04/10/2016,2.85
IRE_MP_8628 ,3,01/03/2016,224,41,11/10/2016,2.87
IRE_MP_8628 ,3,01/03/2016,231,42,18/10/2016,2.94
IRE_MP_8628 ,3,01/03/2016,238,43,25/10/2016,3.15
IRE_MP_8628 ,3,01/03/2016,245,44,01/11/2016,3.13
IRE_MP_8628 ,3,01/03/2016,252,45,08/11/2016,2.94
IRE_MP_8717 ,4,29/02/2016,15,11,15/03/2016,3.44
IRE_MP_8717 ,4,29/02/2016,22,12,22/03/2016,3.38
IRE_MP_8717 ,4,29/02/2016,29,13,29/03/2016,3.61
IRE_MP_8717 ,4,29/02/2016,36,14,05/04/2016,3.53
IRE_MP_8717 ,4,29/02/2016,43,15,12/04/2016,3.56
IRE_MP_8717 ,4,29/02/2016,50,16,19/04/2016,3.49
IRE_MP_8717 ,4,29/02/2016,64,18,03/05/2016,3.51
IRE_MP_8717 ,4,29/02/2016,71,19,10/05/2016,3.38
IRE_MP_8717 ,4,29/02/2016,78,20,17/05/2016,3.39
IRE_MP_8717 ,4,29/02/2016,85,21,24/05/2016,3.41
IRE_MP_8717 ,4,29/02/2016,92,22,31/05/2016,3.30
IRE_MP_8717 ,4,29/02/2016,99,23,07/06/2016,3.46
IRE_MP_8854 ,4,04/02/2016,54,13,29/03/2016,3.27
IRE_MP_8854 ,4,04/02/2016,61,14,05/04/2016,3.30
IRE_MP_8854 ,4,04/02/2016,68,15,12/04/2016,3.28
IRE_MP_8854 ,4,04/02/2016,75,16,19/04/2016,3.31
IRE_MP_8854 ,4,04/02/2016,89,18,03/05/2016,3.46
IRE_MP_8854 ,4,04/02/2016,96,19,10/05/2016,3.27
IRE_MP_8854 ,4,04/02/2016,103,20,17/05/2016,3.20
IRE_MP_8854 ,4,04/02/2016,110,21,24/05/2016,3.34
IRE_MP_8854 ,4,04/02/2016,117,22,31/05/2016,3.22
IRE_MP_8854 ,4,04/02/2016,124,23,07/06/2016,3.24
IRE_MP_8854 ,4,04/02/2016,166,29,19/07/2016,3.04
IRE_MP_8854 ,4,04/02/2016,194,33,16/08/2016,3.29
IRE_MP_8854 ,4,04/02/2016,201,34,23/08/2016,3.30
IRE_MP_8854 ,4,04/02/2016,208,35,30/08/2016,3.28
IRE_MP_8854 ,4,04/02/2016,215,36,06/09/2016,3.27
IRE_MP_8854 ,4,04/02/2016,236,39,27/09/2016,3.40
IRE_MP_8854 ,4,04/02/2016,243,40,04/10/2016,3.38
IRE_MP_8859 ,4,26/01/2016,63,13,29/03/2016,2.51
IRE_MP_8859 ,4,26/01/2016,70,14,05/04/2016,2.78
IRE_MP_8859 ,4,26/01/2016,77,15,12/04/2016,2.55
IRE_MP_8859 ,4,26/01/2016,84,16,19/04/2016,2.88
IRE_MP_8859 ,4,26/01/2016,98,18,03/05/2016,2.88
IRE_MP_8859 ,4,26/01/2016,105,19,10/05/2016,2.68
IRE_MP_8859 ,4,26/01/2016,112,20,17/05/2016,2.90
IRE_MP_8859 ,4,26/01/2016,119,21,24/05/2016,2.86
IRE_MP_8859 ,4,26/01/2016,126,22,31/05/2016,2.79
IRE_MP_8859 ,4,26/01/2016,133,23,07/06/2016,2.75
IRE_MP_8859 ,4,26/01/2016,175,29,19/07/2016,2.91
IRE_MP_8859 ,4,26/01/2016,203,33,16/08/2016,2.90
IRE_MP_8859 ,4,26/01/2016,210,34,23/08/2016,3.06
IRE_MP_8859 ,4,26/01/2016,217,35,30/08/2016,3.01
IRE_MP_8859 ,4,26/01/2016,224,36,06/09/2016,3.09
IRE_MP_8859 ,4,26/01/2016,245,39,27/09/2016,3.15
IRE_MP_8859 ,4,26/01/2016,252,40,04/10/2016,3.06
IRE_MP_8859 ,4,26/01/2016,259,41,11/10/2016,3.09
IRE_MP_8859 ,4,26/01/2016,266,42,18/10/2016,2.95
IRE_MP_8859 ,4,26/01/2016,273,43,25/10/2016,2.94
IRE_MP_8859 ,4,26/01/2016,280,44,01/11/2016,3.07
IRE_MP_8859 ,4,26/01/2016,287,45,08/11/2016,3.07
IRE_MP_9252 ,4,30/01/2016,59,13,29/03/2016,3.21
IRE_MP_9252 ,4,30/01/2016,66,14,05/04/2016,3.10
IRE_MP_9252 ,4,30/01/2016,73,15,12/04/2016,3.19
IRE_MP_9252 ,4,30/01/2016,80,16,19/04/2016,3.20
IRE_MP_9252 ,4,30/01/2016,94,18,03/05/2016,3.27
IRE_MP_9252 ,4,30/01/2016,101,19,10/05/2016,3.26
IRE_MP_9252 ,4,30/01/2016,115,21,24/05/2016,3.26
IRE_MP_9252 ,4,30/01/2016,122,22,31/05/2016,3.22
IRE_MP_9252 ,4,30/01/2016,129,23,07/06/2016,3.46
IRE_MP_9252 ,4,30/01/2016,171,29,19/07/2016,3.57
IRE_MP_9252 ,4,30/01/2016,199,33,16/08/2016,3.60
IRE_MP_9252 ,4,30/01/2016,206,34,23/08/2016,3.54
IRE_MP_9252 ,4,30/01/2016,213,35,30/08/2016,3.56
IRE_MP_9252 ,4,30/01/2016,220,36,06/09/2016,3.47
IRE_MP_9252 ,4,30/01/2016,241,39,27/09/2016,3.39
IRE_MP_9252 ,4,30/01/2016,248,40,04/10/2016,3.44
IRE_MP_9252 ,4,30/01/2016,262,42,18/10/2016,3.62
IRE_MP_9252 ,4,30/01/2016,269,43,25/10/2016,3.57
IRE_MP_9252 ,4,30/01/2016,276,44,01/11/2016,3.70
IRE_MP_9252 ,4,30/01/2016,283,45,08/11/2016,3.74
,,,,,,
,,,,,,
,,,,,,
,,,,,,
,,,,,,
,,,,,,
,,,,,,
,,,,,,
,,,,,,
,,,,,,
,,,,,,
,,,,,,
,,,,,,
,,,,,,
,,,,,,
,,,,,,
,,,,,,
,,,,,,
,,,,,,
,,,,,,
,,,,,,
,,,,,,
,,,,,,
,,,,,,
,,,,,,
,,,,,,
,,,,,,
,,,,,,
,,,,,,
,,,,,,
,,,,,,
,,,,,,
,,,,,,
,,,,,,
,,,,,,
,,,,,,
,,,,,,
,,,,,,
,,,,,,
,,,,,,
,,,,,,
,,,,,,
,,,,,,
,,,,,,
,,,,,,
,,,,,,
,,,,,,
,,,,,,
,,,,,,
,,,,,,
,,,,,,
,,,,,,
,,,,,,
,,,,,,
,,,,,,
,,,,,,
,,,,,,
,,,,,,
,,,,,,
,,,,,,
,,,,,,
,,,,,,
,,,,,,
,,,,,,
,,,,,,
,,,,,,
,,,,,,
,,,,,,
